,YEAR_op,TIMESTAMP,AREA,carbon_Pvar
0,2040,1,Marseille,11868.658029329403
1,2040,1,Nice,0.0
2,2040,1,Alpin,5114.61703274927
3,2040,4101,Marseille,44562.305332627606
4,2040,4101,Nice,0.0
5,2040,4101,Alpin,19254.684976046472
6,2040,8201,Marseille,62464.45006528102
7,2040,8201,Nice,0.0
8,2040,8201,Alpin,26997.678151773925
9,2040,3601,Marseille,556.8081365605892
10,2040,3601,Nice,0.0
11,2040,3601,Alpin,208.81622460133073
12,2040,7701,Marseille,897.4437024564791
13,2040,7701,Nice,0.0
14,2040,7701,Alpin,336.5626208280272
15,2040,3101,Marseille,18868.57956738867
16,2040,3101,Nice,0.0
17,2040,3101,Alpin,8153.524125431309
18,2040,7201,Marseille,21257.976052424212
19,2040,7201,Nice,0.0
20,2040,7201,Alpin,9187.868427249206
21,2040,2601,Marseille,611.7783071327663
22,2040,2601,Nice,0.0
23,2040,2601,Alpin,249.47031584825095
24,2040,6701,Marseille,39489.7391129592
25,2040,6701,Nice,0.0
26,2040,6701,Alpin,17067.520672039023
27,2040,2101,Marseille,50208.58069246887
28,2040,2101,Nice,0.0
29,2040,2101,Alpin,21722.423107332153
30,2040,6201,Marseille,8093.756530504363
31,2040,6201,Nice,0.0
32,2040,6201,Alpin,3481.1160487077605
33,2040,1601,Marseille,3891.1035137645977
34,2040,1601,Nice,0.0
35,2040,1601,Alpin,1664.6396591282924
36,2040,5701,Marseille,0.0
37,2040,5701,Nice,0.0
38,2040,5701,Alpin,7.458516937541134
39,2040,1101,Marseille,1172.5724287570054
40,2040,1101,Nice,0.0
41,2040,1101,Alpin,439.7424023957435
42,2040,5201,Marseille,31615.054154653586
43,2040,5201,Nice,0.0
44,2040,5201,Alpin,13671.13133936315
45,2040,601,Marseille,59916.56041143099
46,2040,601,Nice,0.0
47,2040,601,Alpin,25873.79302385242
48,2040,4701,Marseille,37136.15603003741
49,2040,4701,Nice,0.0
50,2040,4701,Alpin,16030.440413896235
51,2040,101,Marseille,12151.661024005694
52,2040,101,Nice,0.0
53,2040,101,Alpin,5234.130220476453
54,2040,4201,Marseille,615.7642921964162
55,2040,4201,Nice,0.0
56,2040,4201,Alpin,230.9261777944128
57,2040,8301,Marseille,74834.21341273304
58,2040,8301,Nice,0.0
59,2040,8301,Alpin,32343.74193173907
60,2040,3701,Marseille,23491.4094673245
61,2040,3701,Nice,0.0
62,2040,3701,Alpin,10152.012452224391
63,2040,7801,Marseille,33300.870334968604
64,2040,7801,Nice,0.0
65,2040,7801,Alpin,14362.354016148292
66,2040,3201,Marseille,15091.186229218782
67,2040,3201,Nice,0.0
68,2040,3201,Alpin,6528.010775001002
69,2040,7301,Marseille,39031.02846522466
70,2040,7301,Nice,0.0
71,2040,7301,Alpin,16869.256846773125
72,2040,2701,Marseille,29344.498646109638
73,2040,2701,Nice,0.0
74,2040,2701,Alpin,12707.45310491162
75,2040,6801,Marseille,0.0
76,2040,6801,Nice,0.0
77,2040,6801,Alpin,0.0
78,2040,2201,Marseille,0.0
79,2040,2201,Nice,0.0
80,2040,2201,Alpin,0.0
81,2040,6301,Marseille,22407.67058222806
82,2040,6301,Nice,0.0
83,2040,6301,Alpin,9709.436546642395
84,2040,1701,Marseille,20803.86016994078
85,2040,1701,Nice,0.0
86,2040,1701,Alpin,8927.737228902173
87,2040,5801,Marseille,50928.55999745974
88,2040,5801,Nice,0.0
89,2040,5801,Alpin,22016.815606823704
90,2040,1201,Marseille,52042.0802984784
91,2040,1201,Nice,0.0
92,2040,1201,Alpin,22469.84338119805
93,2040,5301,Marseille,393.0410375721806
94,2040,5301,Nice,0.0
95,2040,5301,Alpin,147.39968795388052
96,2040,701,Marseille,15797.06560017761
97,2040,701,Nice,0.0
98,2040,701,Alpin,6797.942983646474
99,2040,4801,Marseille,25444.095150742036
100,2040,4801,Nice,0.0
101,2040,4801,Alpin,10997.239825706289
102,2040,201,Marseille,69250.70727075814
103,2040,201,Nice,0.0
104,2040,201,Alpin,29931.566716184192
105,2040,4301,Marseille,3281.925288695889
106,2040,4301,Nice,0.0
107,2040,4301,Alpin,1401.4673018266953
108,2040,8401,Marseille,50531.49385775648
109,2040,8401,Nice,0.0
110,2040,8401,Alpin,21830.510266428028
111,2040,3801,Marseille,10657.254438534064
112,2040,3801,Nice,0.0
113,2040,3801,Alpin,4604.9939176536145
114,2040,7901,Marseille,27609.654482311915
115,2040,7901,Nice,0.0
116,2040,7901,Alpin,11884.098238520624
117,2040,3301,Marseille,0.0
118,2040,3301,Nice,0.0
119,2040,3301,Alpin,0.0
120,2040,7401,Marseille,0.0
121,2040,7401,Nice,0.0
122,2040,7401,Alpin,0.0
123,2040,2801,Marseille,6381.252372394964
124,2040,2801,Nice,0.0
125,2040,2801,Alpin,2751.016846458493
126,2040,6901,Marseille,58804.651389885476
127,2040,6901,Nice,0.0
128,2040,6901,Alpin,25421.755596529845
129,2040,2301,Marseille,1172.5724287570054
130,2040,2301,Nice,0.0
131,2040,2301,Alpin,439.7424023957435
132,2040,6401,Marseille,43497.53825368582
133,2040,6401,Nice,0.0
134,2040,6401,Alpin,18807.422647343683
135,2040,1801,Marseille,1166.0217447974692
136,2040,1801,Nice,0.0
137,2040,1801,Alpin,437.28574092984553
138,2040,5901,Marseille,82010.9278869256
139,2040,5901,Nice,0.0
140,2040,5901,Alpin,35445.90535985154
141,2040,1301,Marseille,1408.3970513003137
142,2040,1301,Nice,0.0
143,2040,1301,Alpin,528.1822151680718
144,2040,5401,Marseille,301.3314621386718
145,2040,5401,Nice,0.0
146,2040,5401,Alpin,113.0064274313084
147,2040,801,Marseille,0.0
148,2040,801,Nice,0.0
149,2040,801,Alpin,0.0
150,2040,4901,Marseille,41548.13842663735
151,2040,4901,Nice,0.0
152,2040,4901,Alpin,17957.386861582618
153,2040,301,Marseille,53545.27437158612
154,2040,301,Nice,0.0
155,2040,301,Alpin,23144.330204249047
156,2040,4401,Marseille,29140.30441089584
157,2040,4401,Nice,0.0
158,2040,4401,Alpin,12597.628254580044
159,2040,8501,Marseille,23488.700336305694
160,2040,8501,Nice,0.0
161,2040,8501,Alpin,10143.617330076453
162,2040,3901,Marseille,12781.258444257544
163,2040,3901,Nice,0.0
164,2040,3901,Alpin,5537.716418912862
165,2040,8001,Marseille,0.0
166,2040,8001,Nice,0.0
167,2040,8001,Alpin,0.0
168,2040,3401,Marseille,0.0
169,2040,3401,Nice,0.0
170,2040,3401,Alpin,0.0
171,2040,7501,Marseille,0.0
172,2040,7501,Nice,0.0
173,2040,7501,Alpin,0.0
174,2040,2901,Marseille,16829.970893800528
175,2040,2901,Nice,0.0
176,2040,2901,Alpin,7272.228241567716
177,2040,7001,Marseille,0.0
178,2040,7001,Nice,0.0
179,2040,7001,Alpin,0.0
180,2040,2401,Marseille,72474.3802657049
181,2040,2401,Nice,0.0
182,2040,2401,Alpin,31323.34029299548
183,2040,6501,Marseille,707.473867629925
184,2040,6501,Nice,0.0
185,2040,6501,Alpin,265.31943831698493
186,2040,1901,Marseille,7876.213515466292
187,2040,1901,Nice,0.0
188,2040,1901,Alpin,3350.3457098777835
189,2040,6001,Marseille,55099.821929942045
190,2040,6001,Nice,0.0
191,2040,6001,Alpin,23813.378803237254
192,2040,1401,Marseille,49191.383657789826
193,2040,1401,Nice,0.0
194,2040,1401,Alpin,21235.575475620644
195,2040,5501,Marseille,26392.668108636113
196,2040,5501,Nice,0.0
197,2040,5501,Alpin,11407.257654838084
198,2040,901,Marseille,0.0
199,2040,901,Nice,0.0
200,2040,901,Alpin,0.0
201,2040,5001,Marseille,0.0
202,2040,5001,Nice,0.0
203,2040,5001,Alpin,0.0
204,2040,401,Marseille,0.0
205,2040,401,Nice,0.0
206,2040,401,Alpin,0.0
207,2040,4501,Marseille,5487.423917515601
208,2040,4501,Nice,0.0
209,2040,4501,Alpin,2377.634619179513
210,2040,8601,Marseille,409.34342267693626
211,2040,8601,Nice,0.0
212,2040,8601,Alpin,151.84528155516568
213,2040,4001,Marseille,9991.669689097746
214,2040,4001,Nice,0.0
215,2040,4001,Alpin,4319.089095163105
216,2040,8101,Marseille,35255.58221500637
217,2040,8101,Nice,0.0
218,2040,8101,Alpin,15270.11623793215
219,2040,3501,Marseille,5922.157184381454
220,2040,3501,Nice,0.0
221,2040,3501,Alpin,2549.37681063592
222,2040,7601,Marseille,40249.82843151209
223,2040,7601,Nice,0.0
224,2040,7601,Alpin,17373.593749057538
225,2040,3001,Marseille,11680.030682381455
226,2040,3001,Nice,0.0
227,2040,3001,Alpin,5042.81490663592
228,2040,7101,Marseille,61371.952905228136
229,2040,7101,Nice,0.0
230,2040,7101,Alpin,26518.112235214194
231,2040,2501,Marseille,20539.617354848207
232,2040,2501,Nice,0.0
233,2040,2501,Alpin,8876.784318897206
234,2040,6601,Marseille,858.1395986992609
235,2040,6601,Nice,0.0
236,2040,6601,Alpin,321.8226520326391
237,2040,2001,Marseille,0.0
238,2040,2001,Nice,0.0
239,2040,2001,Alpin,0.0
240,2040,6101,Marseille,969.5012260113788
241,2040,6101,Nice,0.0
242,2040,6101,Alpin,363.5858969529053
243,2040,1501,Marseille,0.0
244,2040,1501,Nice,0.0
245,2040,1501,Alpin,0.0
246,2040,5601,Marseille,55211.34233807411
247,2040,5601,Nice,0.0
248,2040,5601,Alpin,23878.440215934865
249,2040,1001,Marseille,36198.90026699347
250,2040,1001,Nice,0.0
251,2040,1001,Alpin,15641.210860409847
252,2040,5101,Marseille,8292.39628999978
253,2040,5101,Nice,0.0
254,2040,5101,Alpin,3594.6516034933943
255,2040,501,Marseille,1198.7751645951507
256,2040,501,Nice,0.0
257,2040,501,Alpin,449.56904825933555
258,2040,4601,Marseille,20269.15043021381
259,2040,4601,Nice,0.0
260,2040,4601,Alpin,8761.830172176718
261,2040,8701,Marseille,0.0
262,2040,8701,Nice,0.0
263,2040,8701,Alpin,0.0
264,2050,1,Marseille,11467.02473112076
265,2050,1,Nice,0.0
266,2050,1,Alpin,4950.940144967479
267,2050,4101,Marseille,43874.66044327039
268,2050,4101,Nice,0.0
269,2050,4101,Alpin,18974.45030454129
270,2050,8201,Marseille,61624.67135084477
271,2050,8201,Nice,0.0
272,2050,8201,Alpin,26655.444659139273
273,2050,3601,Marseille,39.55313129188454
274,2050,3601,Nice,0.0
275,2050,3601,Alpin,0.0
276,2050,7701,Marseille,63.75034102339038
277,2050,7701,Nice,0.0
278,2050,7701,Alpin,0.0
279,2050,3101,Marseille,18588.653329243258
280,2050,3101,Nice,0.0
281,2050,3101,Alpin,8039.44629455309
282,2050,7201,Marseille,20971.96446127563
283,2050,7201,Nice,0.0
284,2050,7201,Alpin,9071.31064352581
285,2050,2601,Marseille,0.0
286,2050,2601,Nice,0.0
287,2050,2601,Alpin,0.0
288,2050,6701,Marseille,38954.22804868101
289,2050,6701,Nice,0.0
290,2050,6701,Alpin,16849.284821663303
291,2050,2101,Marseille,35755.93072491565
292,2050,2101,Nice,0.0
293,2050,2101,Alpin,15487.08897622589
294,2050,6201,Marseille,1062.9899093250174
295,2050,6201,Nice,0.0
296,2050,6201,Alpin,453.29452760632364
297,2050,1601,Marseille,0.0
298,2050,1601,Nice,0.0
299,2050,1601,Alpin,0.0
300,2050,5701,Marseille,0.0
301,2050,5701,Nice,0.0
302,2050,5701,Alpin,0.0
303,2050,1101,Marseille,83.29424119114509
304,2050,1101,Nice,0.0
305,2050,1101,Alpin,0.0
306,2050,5201,Marseille,22682.857446695274
307,2050,5201,Nice,0.0
308,2050,5201,Alpin,9820.298981394639
309,2050,601,Marseille,58748.172634824026
310,2050,601,Nice,0.0
311,2050,601,Alpin,25397.64207757812
312,2050,4701,Marseille,36314.63337461065
313,2050,4701,Nice,0.0
314,2050,4701,Alpin,15695.646779797116
315,2050,101,Marseille,11701.344901771763
316,2050,101,Nice,0.0
317,2050,101,Alpin,5050.613709933234
318,2050,4201,Marseille,43.74110989926055
319,2050,4201,Nice,0.0
320,2050,4201,Alpin,0.0
321,2050,8301,Marseille,73824.04481420828
322,2050,8301,Nice,0.0
323,2050,8301,Alpin,31932.06975943942
324,2050,3701,Marseille,23156.715052150634
325,2050,3701,Nice,0.0
326,2050,3701,Alpin,10015.615045739565
327,2050,7801,Marseille,32363.72597248177
328,2050,7801,Nice,0.0
329,2050,7801,Alpin,13980.441277990785
330,2050,3201,Marseille,11482.945320623881
331,2050,3201,Nice,0.0
332,2050,3201,Alpin,4972.134353963249
333,2050,7301,Marseille,38501.602753949635
334,2050,7301,Nice,0.0
335,2050,7301,Alpin,16653.500949242585
336,2050,2701,Marseille,12993.358859263904
337,2050,2701,Nice,0.0
338,2050,2701,Alpin,5644.100914601431
339,2050,6801,Marseille,0.0
340,2050,6801,Nice,0.0
341,2050,6801,Alpin,0.0
342,2050,2201,Marseille,0.0
343,2050,2201,Nice,0.0
344,2050,2201,Alpin,0.0
345,2050,6301,Marseille,2932.5534540243934
346,2050,6301,Nice,0.0
347,2050,6301,Alpin,1294.2452432180621
348,2050,1701,Marseille,19501.59462726428
349,2050,1701,Nice,0.0
350,2050,1701,Alpin,8397.027320033943
351,2050,5801,Marseille,38726.92332597065
352,2050,5801,Nice,0.0
353,2050,5801,Alpin,16760.689373627156
354,2050,1201,Marseille,50971.05816992202
355,2050,1201,Nice,0.0
356,2050,1201,Alpin,22033.37168044661
357,2050,5301,Marseille,27.919857382506734
358,2050,5301,Nice,0.0
359,2050,5301,Alpin,0.0
360,2050,701,Marseille,15109.42071082039
361,2050,701,Nice,0.0
362,2050,701,Alpin,6517.708312141287
363,2050,4801,Marseille,25103.315382565008
364,2050,4801,Nice,0.0
365,2050,4801,Alpin,10858.362466376284
366,2050,201,Marseille,67851.81394616814
367,2050,201,Nice,0.0
368,2050,201,Alpin,29349.719794571505
369,2050,4301,Marseille,2965.486932531505
370,2050,4301,Nice,0.0
371,2050,4301,Alpin,1272.5097538774057
372,2050,8401,Marseille,49697.8004963234
373,2050,8401,Nice,0.0
374,2050,8401,Alpin,21490.75672663856
375,2050,3801,Marseille,8589.747227678132
376,2050,3801,Nice,0.0
377,2050,3801,Alpin,3715.8265648989327
378,2050,7901,Marseille,26453.437411711282
379,2050,7901,Nice,0.0
380,2050,7901,Alpin,11412.907197936685
381,2050,3301,Marseille,0.0
382,2050,3301,Nice,0.0
383,2050,3301,Alpin,0.0
384,2050,7401,Marseille,0.0
385,2050,7401,Nice,0.0
386,2050,7401,Alpin,0.0
387,2050,2801,Marseille,3690.3455888242574
388,2050,2801,Nice,0.0
389,2050,2801,Alpin,1593.437046878847
390,2050,6901,Marseille,50721.92466908278
391,2050,6901,Nice,0.0
392,2050,6901,Alpin,21947.192639384048
393,2050,2301,Marseille,83.29424119114509
394,2050,2301,Nice,0.0
395,2050,2301,Alpin,0.0
396,2050,6401,Marseille,33337.22620838002
397,2050,6401,Nice,0.0
398,2050,6401,Alpin,14429.746114035099
399,2050,1801,Marseille,82.82891023476532
400,2050,1801,Nice,0.0
401,2050,1801,Alpin,0.0
402,2050,5901,Marseille,80909.4789933534
403,2050,5901,Nice,0.0
404,2050,5901,Alpin,34997.03389487421
405,2050,1301,Marseille,100.0461556206435
406,2050,1301,Nice,0.0
407,2050,1301,Alpin,0.0
408,2050,5401,Marseille,21.405223993255163
409,2050,5401,Nice,0.0
410,2050,5401,Alpin,0.0
411,2050,801,Marseille,0.0
412,2050,801,Nice,0.0
413,2050,801,Alpin,0.0
414,2050,4901,Marseille,40988.285950346515
415,2050,4901,Nice,0.0
416,2050,4901,Alpin,17729.231199826183
417,2050,301,Marseille,51350.59786138464
418,2050,301,Nice,0.0
419,2050,301,Alpin,22213.24696543136
420,2050,4401,Marseille,26314.352857289265
421,2050,4401,Nice,0.0
422,2050,4401,Alpin,11385.29785760011
423,2050,8501,Marseille,23038.384214071764
424,2050,8501,Nice,0.0
425,2050,8501,Alpin,9960.100819533234
426,2050,3901,Marseille,3828.9936778362617
427,2050,3901,Nice,0.0
428,2050,3901,Alpin,1669.3940287303558
429,2050,8001,Marseille,0.0
430,2050,8001,Nice,0.0
431,2050,8001,Alpin,0.0
432,2050,3401,Marseille,0.0
433,2050,3401,Nice,0.0
434,2050,3401,Alpin,0.0
435,2050,7501,Marseille,0.0
436,2050,7501,Nice,0.0
437,2050,7501,Alpin,0.0
438,2050,2901,Marseille,16574.386067667758
439,2050,2901,Nice,0.0
440,2050,2901,Alpin,7168.070222070213
441,2050,7001,Marseille,0.0
442,2050,7001,Nice,0.0
443,2050,7001,Alpin,0.0
444,2050,2401,Marseille,71488.55307919277
445,2050,2401,Nice,0.0
446,2050,2401,Alpin,30921.587932076538
447,2050,6501,Marseille,50.25574328851212
448,2050,6501,Nice,0.0
449,2050,6501,Alpin,0.0
450,2050,1901,Marseille,6908.642387963657
451,2050,1901,Nice,0.0
452,2050,1901,Alpin,2956.033207494379
453,2050,6001,Marseille,54339.152804546895
454,2050,6001,Nice,0.0
455,2050,6001,Alpin,23503.38469758992
456,2050,1401,Marseille,41895.08357288592
457,2050,1401,Nice,0.0
458,2050,1401,Alpin,18109.806100296733
459,2050,5501,Marseille,26039.71763445276
460,2050,5501,Nice,0.0
461,2050,5501,Alpin,11263.420389817724
462,2050,901,Marseille,0.0
463,2050,901,Nice,0.0
464,2050,901,Alpin,0.0
465,2050,5001,Marseille,0.0
466,2050,5001,Nice,0.0
467,2050,5001,Alpin,0.0
468,2050,401,Marseille,0.0
469,2050,401,Nice,0.0
470,2050,401,Alpin,0.0
471,2050,4501,Marseille,0.0
472,2050,4501,Nice,0.0
473,2050,4501,Alpin,3.0780705436525837
474,2050,8601,Marseille,0.0
475,2050,8601,Nice,0.0
476,2050,8601,Alpin,0.0
477,2050,4001,Marseille,6668.936317746007
478,2050,4001,Nice,0.0
479,2050,4001,Alpin,2886.7755734745297
480,2050,8101,Marseille,14118.11419845315
481,2050,8101,Nice,0.0
482,2050,8101,Alpin,6138.027618925886
483,2050,3501,Marseille,5678.743064255004
484,2050,3501,Nice,0.0
485,2050,3501,Alpin,2450.1786968287743
486,2050,7601,Marseille,35593.17985835991
487,2050,7601,Nice,0.0
488,2050,7601,Alpin,15384.135756262207
489,2050,3001,Marseille,11436.616562255005
490,2050,3001,Nice,0.0
491,2050,3001,Alpin,4943.616792828774
492,2050,7101,Marseille,60428.72318973814
493,2050,7101,Nice,0.0
494,2050,7101,Alpin,26133.7195442115
495,2050,2501,Marseille,20253.60576369963
496,2050,2501,Nice,0.0
497,2050,2501,Alpin,8760.22653517381
498,2050,6601,Marseille,60.9583552851397
499,2050,6601,Nice,0.0
500,2050,6601,Alpin,0.0
501,2050,2001,Marseille,0.0
502,2050,2001,Nice,0.0
503,2050,2001,Alpin,0.0
504,2050,6101,Marseille,68.86898154351661
505,2050,6101,Nice,0.0
506,2050,6101,Alpin,0.0
507,2050,1501,Marseille,0.0
508,2050,1501,Nice,0.0
509,2050,1501,Alpin,0.0
510,2050,5601,Marseille,44592.58155834303
511,2050,5601,Nice,0.0
512,2050,5601,Alpin,19303.358832024856
513,2050,1001,Marseille,25554.08962755078
514,2050,1001,Nice,0.0
515,2050,1001,Alpin,11056.411538520046
516,2050,5101,Marseille,0.0
517,2050,5101,Nice,0.0
518,2050,5101,Alpin,0.0
519,2050,501,Marseille,85.15556501664075
520,2050,501,Nice,0.0
521,2050,501,Alpin,0.0
522,2050,4601,Marseille,14239.121363046143
523,2050,4601,Nice,0.0
524,2050,4601,Alpin,6163.1076209174635
525,2050,8701,Marseille,0.0
526,2050,8701,Nice,0.0
527,2050,8701,Alpin,0.0
528,2030,1,Marseille,21048.982093916155
529,2030,1,Nice,54385.91491791279
530,2030,1,Alpin,8375.862113136547
531,2030,4101,Marseille,53376.64159391615
532,2030,4101,Nice,54385.91491791279
533,2030,4101,Alpin,11971.372743136548
534,2030,8201,Marseille,71564.44111339493
535,2030,8201,Nice,54385.91491791279
536,2030,8201,Alpin,13994.441832449897
537,2030,3601,Marseille,9659.06125391615
538,2030,3601,Nice,54385.91491791279
539,2030,3601,Alpin,7109.243863536548
540,2030,7701,Marseille,9696.85693391615
541,2030,7701,Nice,54385.91491791279
542,2030,7701,Alpin,7109.243863536548
543,2030,3101,Marseille,28145.064456416152
544,2030,3101,Nice,54385.91491791279
545,2030,3101,Alpin,9169.425576386546
546,2030,7201,Marseille,30521.84836301615
547,2030,7201,Nice,54385.91491791279
548,2030,7201,Alpin,9434.124354550546
549,2030,2601,Marseille,18238.90474384815
550,2030,2601,Nice,54385.91491791279
551,2030,2601,Alpin,8063.719834136548
552,2030,6701,Marseille,48463.65665591615
553,2030,6701,Nice,54385.91491791279
554,2030,6701,Alpin,11427.497278616549
555,2030,2101,Marseille,134939.44061928775
556,2030,2101,Nice,54385.91491791279
557,2030,2101,Alpin,27070.28436975212
558,2030,6201,Marseille,30688.209141356157
559,2030,6201,Nice,54385.91491791279
560,2030,6201,Alpin,9446.133451536547
561,2030,1601,Marseille,36647.48542415015
562,2030,1601,Nice,54385.91491791279
563,2030,1601,Alpin,10108.252168136547
564,2030,5701,Marseille,57374.84669272915
565,2030,5701,Nice,54385.91491791279
566,2030,5701,Alpin,12421.05758768655
567,2030,1101,Marseille,9727.38421391615
568,2030,1101,Nice,54385.91491791279
569,2030,1101,Alpin,7109.243863536548
570,2030,5201,Marseille,58167.77109097415
571,2030,5201,Nice,54385.91491791279
572,2030,5201,Alpin,12508.439113236547
573,2030,601,Marseille,68228.54305391615
574,2030,601,Nice,54385.91491791279
575,2030,601,Alpin,13615.013191536547
576,2030,4701,Marseille,45843.93542891616
577,2030,4701,Nice,54385.91491791279
578,2030,4701,Alpin,11128.871199036548
579,2030,101,Marseille,21284.737363916152
580,2030,101,Nice,54385.91491791279
581,2030,101,Alpin,8400.989128936546
582,2030,4201,Marseille,9665.60281391615
583,2030,4201,Nice,54385.91491791279
584,2030,4201,Alpin,7109.243863536546
585,2030,8301,Marseille,83254.63032641615
586,2030,8301,Nice,54385.91491791279
587,2030,8301,Alpin,15293.062916186547
588,2030,3701,Marseille,32702.47727141615
589,2030,3701,Nice,54385.91491791279
590,2030,3701,Alpin,9675.965861486546
591,2030,7801,Marseille,41909.278033916155
592,2030,7801,Nice,54385.91491791279
593,2030,7801,Alpin,10687.723660736547
594,2030,3201,Marseille,32312.13482032901
595,2030,3201,Nice,54385.91491791279
596,2030,3201,Alpin,9637.654030896623
597,2030,7301,Marseille,48012.058057166156
598,2030,7301,Nice,54385.91491791279
599,2030,7301,Alpin,11377.319149041547
600,2030,2701,Marseille,71769.64068803616
601,2030,2701,Nice,54385.91491791279
602,2030,2701,Alpin,14026.469326251547
603,2030,6801,Marseille,26933.563218125146
604,2030,6801,Nice,54385.91491791279
605,2030,6801,Alpin,9018.624806386546
606,2030,2201,Marseille,18714.119629697154
607,2030,2201,Nice,54385.91491791279
608,2030,2201,Alpin,8108.615115786549
609,2030,6301,Marseille,71425.13490456216
610,2030,6301,Nice,54385.91491791279
611,2030,6301,Alpin,13988.255938491548
612,2030,1701,Marseille,46202.72186098434
613,2030,1701,Nice,54385.91491791279
614,2030,1701,Alpin,11130.753934051518
615,2030,5801,Marseille,83153.22946183915
616,2030,5801,Nice,54385.91491791279
617,2030,5801,Alpin,15283.853413586547
618,2030,1201,Marseille,60469.38025391615
619,2030,1201,Nice,54385.91491791279
620,2030,1201,Alpin,12752.706479536548
621,2030,5301,Marseille,9640.890253916152
622,2030,5301,Nice,54385.91491791279
623,2030,5301,Alpin,7109.243863536546
624,2030,701,Marseille,24693.35411141615
625,2030,701,Nice,54385.91491791279
626,2030,701,Alpin,8775.234995086548
627,2030,4801,Marseille,34643.794566716155
628,2030,4801,Nice,54385.91491791279
629,2030,4801,Alpin,9892.141217248547
630,2030,201,Marseille,79330.4604390214
631,2030,201,Nice,54385.91491791279
632,2030,201,Alpin,14858.100688958091
633,2030,4301,Marseille,12567.98551391615
634,2030,4301,Nice,54385.91491791279
635,2030,4301,Alpin,7432.836779936548
636,2030,8401,Marseille,59189.499538916156
637,2030,8401,Nice,54385.91491791279
638,2030,8401,Alpin,12615.662628436547
639,2030,3801,Marseille,23906.031673462152
640,2030,3801,Nice,54385.91491791279
641,2030,3801,Alpin,8698.622679686549
642,2030,7901,Marseille,36025.28995391615
643,2030,7901,Nice,54385.91491791279
644,2030,7901,Alpin,10026.936417536548
645,2030,3301,Marseille,9619.266349880152
646,2030,3301,Nice,54385.91491791279
647,2030,3301,Alpin,7109.243863536546
648,2030,7401,Marseille,9694.488241906149
649,2030,7401,Nice,54385.91491791279
650,2030,7401,Alpin,7109.243863536546
651,2030,2801,Marseille,20789.823957686167
652,2030,2801,Nice,54385.91491791279
653,2030,2801,Alpin,8350.161152736546
654,2030,6901,Marseille,82439.73990254814
655,2030,6901,Nice,54385.91491791279
656,2030,6901,Alpin,15204.879599456548
657,2030,2301,Marseille,9727.38421391615
658,2030,2301,Nice,54385.91491791279
659,2030,2301,Alpin,7109.243863536546
660,2030,6401,Marseille,72042.30647855616
661,2030,6401,Nice,54385.91491791279
662,2030,6401,Alpin,14050.233807536548
663,2030,1801,Marseille,9726.657373916149
664,2030,1801,Nice,54385.91491791279
665,2030,1801,Alpin,7109.243863536548
666,2030,5901,Marseille,90323.82060499115
667,2030,5901,Nice,54385.91491791279
668,2030,5901,Alpin,16078.629832942048
669,2030,1301,Marseille,9753.550453916148
670,2030,1301,Nice,54385.91491791279
671,2030,1301,Alpin,7109.243863536548
672,2030,5401,Marseille,9630.714493916152
673,2030,5401,Nice,54385.91491791279
674,2030,5401,Alpin,7109.243863536546
675,2030,801,Marseille,9672.70369068215
676,2030,801,Nice,54385.91491791279
677,2030,801,Alpin,7109.243863536548
678,2030,4901,Marseille,50492.97085991615
679,2030,4901,Nice,54385.91491791279
680,2030,4901,Alpin,11653.049432776546
681,2030,301,Marseille,65348.222221506156
682,2030,301,Nice,54385.91491791279
683,2030,301,Alpin,13304.229054821546
684,2030,4401,Marseille,43320.75491836415
685,2030,4401,Nice,54385.91491791279
686,2030,4401,Alpin,10857.315219396547
687,2030,8501,Marseille,32589.477418916154
688,2030,8501,Nice,54385.91491791279
689,2030,8501,Alpin,9660.660163636547
690,2030,3901,Marseille,40498.32384332615
691,2030,3901,Nice,54385.91491791279
692,2030,3901,Alpin,10547.781230486547
693,2030,8001,Marseille,9711.968631251146
694,2030,8001,Nice,54385.91491791279
695,2030,8001,Alpin,7109.243863536548
696,2030,3401,Marseille,9630.79973312715
697,2030,3401,Nice,54385.91491791279
698,2030,3401,Alpin,7109.243863536544
699,2030,7501,Marseille,9603.206542988151
700,2030,7501,Nice,54385.91491791279
701,2030,7501,Alpin,7109.243863536548
702,2030,2901,Marseille,26135.484508916154
703,2030,2901,Nice,54385.91491791279
704,2030,2901,Alpin,8946.072382236545
705,2030,7001,Marseille,10415.281694780148
706,2030,7001,Nice,54385.91491791279
707,2030,7001,Alpin,7191.700717236547
708,2030,2401,Marseille,80924.74107491615
709,2030,2401,Nice,54385.91491791279
710,2030,2401,Alpin,15034.018113876547
711,2030,6501,Marseille,9675.77857391615
712,2030,6501,Nice,54385.91491791279
713,2030,6501,Alpin,7109.243863536548
714,2030,1901,Marseille,16528.030228916155
715,2030,1901,Nice,54385.91491791279
716,2030,1901,Alpin,7858.813191036549
717,2030,6001,Marseille,63814.47460391615
718,2030,6001,Nice,54385.91491791279
719,2030,6001,Alpin,13132.731278536547
720,2030,1401,Marseille,106084.67192522167
721,2030,1401,Nice,54385.91491791279
722,2030,1401,Alpin,18897.193643431474
723,2030,5501,Marseille,35578.054675466155
724,2030,5501,Nice,54385.91491791279
725,2030,5501,Alpin,9995.958772223548
726,2030,901,Marseille,9602.086474891144
727,2030,901,Nice,54385.91491791279
728,2030,901,Alpin,7109.243863536548
729,2030,5001,Marseille,9629.18970204015
730,2030,5001,Nice,54385.91491791279
731,2030,5001,Alpin,7109.243863536546
732,2030,401,Marseille,9691.93161289035
733,2030,401,Nice,54385.91491791279
734,2030,401,Alpin,7109.243863536546
735,2030,4501,Marseille,26195.365299000154
736,2030,4501,Nice,54385.91491791279
737,2030,4501,Alpin,8955.695439736546
738,2030,8601,Marseille,9645.90312781815
739,2030,8601,Nice,54385.91491791279
740,2030,8601,Alpin,7109.243863536546
741,2030,4001,Marseille,25879.82458487615
742,2030,4001,Nice,54385.91491791279
743,2030,4001,Alpin,8918.603527536552
744,2030,8101,Marseille,134582.54181811272
745,2030,8101,Nice,54385.91491791279
746,2030,8101,Alpin,26988.50233378055
747,2030,3501,Marseille,15270.35755391615
748,2030,3501,Nice,54385.91491791279
749,2030,3501,Alpin,7735.672521536547
750,2030,7601,Marseille,56421.71384708515
751,2030,7601,Nice,54385.91491791279
752,2030,7601,Alpin,12303.167346386548
753,2030,3001,Marseille,21011.82685391615
754,2030,3001,Nice,54385.91491791279
755,2030,3001,Alpin,8375.436243536547
756,2030,7101,Marseille,69894.58082891615
757,2030,7101,Nice,54385.91491791279
758,2030,7101,Alpin,13805.943115036547
759,2030,2501,Marseille,29805.536271416153
760,2030,2501,Nice,54385.91491791279
761,2030,2501,Alpin,9354.306721486546
762,2030,6601,Marseille,9692.49589391615
763,2030,6601,Nice,54385.91491791279
764,2030,6601,Alpin,7109.243863536548
765,2030,2001,Marseille,9769.641609855016
766,2030,2001,Nice,54385.91491791279
767,2030,2001,Alpin,7109.243863536546
768,2030,6101,Marseille,9704.85217391615
769,2030,6101,Nice,54385.91491791279
770,2030,6101,Alpin,7109.243863536548
771,2030,1501,Marseille,9601.388869768147
772,2030,1501,Nice,54385.91491791279
773,2030,1501,Alpin,7109.243863536546
774,2030,5601,Marseille,84568.39666247618
775,2030,5601,Nice,54385.91491791279
776,2030,5601,Alpin,15445.108949784548
777,2030,1001,Marseille,65476.29831000015
778,2030,1001,Nice,54385.91491791279
779,2030,1001,Alpin,13316.253588236548
780,2030,5101,Marseille,44502.68502314816
781,2030,5101,Nice,54385.91491791279
782,2030,5101,Alpin,10991.591829136547
783,2030,501,Marseille,9889.232781710047
784,2030,501,Nice,54385.91491791279
785,2030,501,Alpin,7109.243863536548
786,2030,4601,Marseille,41202.76639145015
787,2030,4601,Nice,54385.91491791279
788,2030,4601,Alpin,10621.388144636547
789,2030,8701,Marseille,9601.959006782152
790,2030,8701,Nice,54385.91491791279
791,2030,8701,Alpin,7109.243863536546
