1,4.74
2,3.66
3,1.26
4,0
5,0
6,0
7,0
8,0
9,2.03
10,0
11,0
12,2.3
13,2.3
14,5
15,8.56
16,9.42
17,12.46
18,15.93
19,22.02
20,20
21,21.95
22,23.52
23,16.35
24,14.43
25,10.26
26,7.48
27,4.52
28,4.24
29,8.36
30,22.58
31,41.92
32,47.95
33,49.9
34,50
35,49.7
36,48.16
37,47.24
38,46.1
39,43.86
40,43.64
41,47.37
42,46.08
43,41.08
44,34.94
45,25.46
46,23.25
47,15.49
48,12.14
49,5.48
50,5
51,0.99
52,0
53,3.87
54,12.25
55,19.42
56,22.57
57,22.37
58,18.65
59,19.35
60,18.93
61,17.26
62,16.76
63,18.09
64,19.51
65,24.13
66,36.67
67,26.27
68,26.06
69,19.88
70,17.26
71,13.87
72,11.76
73,3.46
74,2.11
75,2.63
76,4.99
77,11.08
78,22.34
79,33.59
80,40.45
81,41.97
82,44.91
83,47.14
84,46.04
85,34.36
86,32.51
87,32.77
88,33.81
89,50.08
90,49.96
91,46.73
92,41.57
93,37.09
94,33.92
95,31.5
96,16.67
97,11.73
98,6.86
99,0.55
100,2.45
101,13.51
102,23.96
103,33.39
104,37.79
105,36.93
106,39.11
107,39.4
108,41.69
109,47
110,44.08
111,47.1
112,47.77
113,56.35
114,57.42
115,53.99
116,42.36
117,39.9
118,39.97
119,36.27
120,29.45
121,28.55
122,28.18
123,25.27
124,24.34
125,27.42
126,30
127,31.36
128,34.19
129,41.11
130,44
131,43.74
132,44.43
133,42.9
134,38.7
135,37.4
136,37.99
137,44.22
138,49.98
139,45.9
140,40.9
141,33.69
142,36.26
143,29.03
144,21.87
145,15.98
146,15.99
147,14
148,12.51
149,13.21
150,12.17
151,13.02
152,18.41
153,19.58
154,22.14
155,28.44
156,29.26
157,27.08
158,20.32
159,19.86
160,21.41
161,28.87
162,34.34
163,32.33
164,31.44
165,28.94
166,29.69
167,27.01
168,18.91
169,15.15
170,15.11
171,13.42
172,12.91
173,17.1
174,30.03
175,42.93
176,44.95
177,44.66
178,46.6
179,51.88
180,43.42
181,43.54
182,44.19
183,40.97
184,47.66
185,54.12
186,55
187,52.93
188,37.57
189,34.12
190,31.19
191,45.19
192,36.01
193,36.04
194,34.2
195,30.71
196,27.86
197,36.5
198,39.03
199,55.9
200,58.99
201,58.9
202,60.08
203,61.35
204,58.02
205,55.97
206,49.08
207,45.02
208,47.1
209,55.55
210,56.74
211,54.68
212,49.48
213,42.91
214,39.36
215,39.6
216,31.26
217,28.73
218,28.18
219,24.73
220,19.42
221,30.6
222,34.87
223,45.09
224,49.29
225,49.14
226,48.56
227,50.46
228,47.81
229,45.36
230,47.1
231,47.98
232,48.9
233,51.9
234,52.69
235,49.1
236,44
237,36.99
238,38.43
239,37.9
240,37.33
241,36.3
242,34.2
243,33
244,33.05
245,37.09
246,41.5
247,53.07
248,57.22
249,59.02
250,57.58
251,57.45
252,54.61
253,54.83
254,54.74
255,54.01
256,54.96
257,57.47
258,57.66
259,54.9
260,50
261,43.13
262,42.4
263,37.92
264,35.64
265,34.69
266,34
267,33.08
268,33.46
269,35.1
270,39.93
271,48.5
272,49.56
273,52.36
274,52.38
275,52.45
276,52.08
277,51.03
278,47.14
279,45.92
280,46.5
281,50.52
282,52.44
283,51.99
284,44.17
285,42.19
286,42.57
287,38.04
288,43.15
289,38.42
290,36.11
291,33.8
292,32.04
293,32.55
294,32
295,33.76
296,39.28
297,44.51
298,45.62
299,44.77
300,44.7
301,39.14
302,34.77
303,34.68
304,35.88
305,48.56
306,50.57
307,51.02
308,38.64
309,36.15
310,38.59
311,38
312,38.1
313,33.83
314,33
315,30
316,27.01
317,28.48
318,29.74
319,32.7
320,35.1
321,36.9
322,37.2
323,35.88
324,40.88
325,37.04
326,34.9
327,33.07
328,34.84
329,37.99
330,49.27
331,49.79
332,45.14
333,36.57
334,38.86
335,38.33
336,29.2
337,31.16
338,28.26
339,23.16
340,24.86
341,26.67
342,40.7
343,54.19
344,52.87
345,47.69
346,49.68
347,49.91
348,50.22
349,49.34
350,38.35
351,37.47
352,37.08
353,42.92
354,53.55
355,52.25
356,45.93
357,36.71
358,40.57
359,36.21
360,29.81
361,17.1
362,9.26
363,5.87
364,8.2
365,16.48
366,29.09
367,38.92
368,44.07
369,44.94
370,44.57
371,43.73
372,40.69
373,40.15
374,38.63
375,37.28
376,39.39
377,47.07
378,48.45
379,44.34
380,39.9
381,33.18
382,33.39
383,30.47
384,24.54
385,19.32
386,18.36
387,15.76
388,15.25
389,22.39
390,32.83
391,44.95
392,47.26
393,46.39
394,41.9
395,42.96
396,40.94
397,40.52
398,41.29
399,40.41
400,41.76
401,46.01
402,52.22
403,52.23
404,41.29
405,39.1
406,40.76
407,40.94
408,19.68
409,16.52
410,16.35
411,12.58
412,7.46
413,14.96
414,34.58
415,43.56
416,45.11
417,47.51
418,45.13
419,43.98
420,38.9
421,38.69
422,37.57
423,36.13
424,38.41
425,49.47
426,52.51
427,50.09
428,42.31
429,37.09
430,38.25
431,34.81
432,31.24
433,30.25
434,29.49
435,29.56
436,30.02
437,31.76
438,40.02
439,48.96
440,51.94
441,50.92
442,50.2
443,47.45
444,43.51
445,41.67
446,39.49
447,41.78
448,44.3
449,49.57
450,49.74
451,44.79
452,39.79
453,37.84
454,37.54
455,34.71
456,34.75
457,30.03
458,29.33
459,26.06
460,25.72
461,27.5
462,29.94
463,32.07
464,36.86
465,38
466,42.11
467,41.82
468,45.48
469,42.81
470,39
471,40.01
472,39.8
473,44.38
474,49.38
475,43.98
476,39.16
477,36.37
478,36.33
479,33.39
480,32.07
481,30.57
482,29.24
483,27.5
484,19.99
485,25
486,28.47
487,30.78
488,32.49
489,35.3
490,38.88
491,41.3
492,42.08
493,37.77
494,33.84
495,34.12
496,35.58
497,35.77
498,48.08
499,46.27
500,40.9
501,33.36
502,32.97
503,30.99
504,27.06
505,20
506,16.22
507,12.5
508,7.59
509,21.12
510,33.08
511,42.95
512,45.06
513,46.44
514,45.49
515,48.39
516,47
517,47.39
518,46.34
519,43.94
520,43.65
521,49.5
522,51
523,48.05
524,42.82
525,38.99
526,37.99
527,35.84
528,34.2
529,32.52
530,31.54
531,30.38
532,30.97
533,32.48
534,40
535,48.93
536,52.74
537,50.79
538,48.2
539,44.91
540,41.94
541,41.83
542,39
543,37.5
544,35.63
545,40.94
546,42.9
547,40.97
548,36.48
549,31.31
550,30.31
551,24.35
552,21.22
553,19.79
554,12.94
555,11.4
556,11.23
557,16.74
558,28.92
559,42.49
560,45.58
561,43.52
562,39.91
563,37.92
564,36.84
565,35.73
566,31.33
567,29.45
568,31.32
569,34.53
570,43.72
571,41.33
572,30.89
573,24.64
574,23.53
575,19.81
576,12.22
577,13.14
578,10.31
579,9.03
580,8.76
581,14.24
582,29.54
583,40.94
584,41.3
585,40.09
586,39.76
587,39.84
588,40.83
589,41.13
590,43.98
591,45.29
592,45.47
593,49.37
594,53.23
595,49.93
596,43.71
597,38.98
598,38.62
599,35.31
600,37.23
601,35.03
602,34.1
603,33.01
604,32.8
605,34.9
606,39.91
607,51.27
608,54.72
609,54.52
610,54.02
611,53.18
612,50.23
613,49.2
614,48.96
615,48.25
616,48.25
617,51.15
618,54.7
619,52.09
620,46
621,40.44
622,40.43
623,39
624,36.81
625,33.8
626,32.87
627,32.53
628,32.53
629,31.79
630,32.51
631,34.65
632,43.45
633,47.19
634,47.04
635,43.93
636,41.92
637,38.06
638,32.5
639,32.1
640,32.06
641,37
642,39.7
643,35.66
644,39.11
645,31.47
646,36.29
647,37.96
648,36.6
649,28.64
650,26.58
651,14.61
652,14.97
653,13.01
654,9.25
655,11.45
656,17.2
657,27.12
658,30.57
659,27.4
660,27.19
661,24.92
662,20.64
663,15.43
664,14.81
665,23.12
666,35.87
667,40.77
668,35.78
669,32.4
670,33.7
671,35.91
672,28.59
673,28.25
674,23.19
675,14.39
676,10.01
677,19.44
678,33.46
679,49.53
680,49.12
681,50.18
682,49.44
683,47.4
684,43.22
685,38.92
686,38.21
687,36.23
688,36.28
689,38.4
690,46.63
691,49.99
692,41.32
693,36.69
694,34
695,40.95
696,31.84
697,30.61
698,27.26
699,19.95
700,18.95
701,29.84
702,38.9
703,45.97
704,49.92
705,49.59
706,46.95
707,45.05
708,43.36
709,41.25
710,39.98
711,41.92
712,44.95
713,52.39
714,57.97
715,53.78
716,44.98
717,38.97
718,38.53
719,35.82
720,33.66
721,29.93
722,27.37
723,19.53
724,20.7
725,26.39
726,31.74
727,35.53
728,37.37
729,35.04
730,34.31
731,35.76
732,33.43
733,32.94
734,32
735,36
736,32.47
737,34.93
738,43.14
739,44.95
740,37.42
741,34
742,33.64
743,33.33
744,28.6
745,25.37
746,25.17
747,21.92
748,22.79
749,26.21
750,32.8
751,47.72
752,47.91
753,47.56
754,48.59
755,47.39
756,45.86
757,45.2
758,46.88
759,40.1
760,43.05
761,46.32
762,50.45
763,49.26
764,42.99
765,36.95
766,39.14
767,37.97
768,32.45
769,31.8
770,31.23
771,29.74
772,30.1
773,33.24
774,37.4
775,45.79
776,49.23
777,48.48
778,48.76
779,47.09
780,44.9
781,40.95
782,40.9
783,41.11
784,43.29
785,48.02
786,47.96
787,46.43
788,43.39
789,40.06
790,40.08
791,39.3
792,37.27
793,35.48
794,34.02
795,35.02
796,33.73
797,34.31
798,34.73
799,37.42
800,41.88
801,45.45
802,45.84
803,47.08
804,46.31
805,43.72
806,39.97
807,39.12
808,40.96
809,47.38
810,50.54
811,50.26
812,43.5
813,39.5
814,41.74
815,41.4
816,41.45
817,37.1
818,35.99
819,31.87
820,31.81
821,31.81
822,34.52
823,38.57
824,41
825,43.31
826,40.43
827,40
828,40.15
829,37.76
830,33.9
831,33.22
832,34.25
833,39.71
834,48.7
835,50.88
836,45.45
837,36.98
838,38.3
839,40.31
840,33.2
841,33.23
842,30.92
843,30.93
844,30.58
845,33.67
846,41.41
847,54.46
848,58.06
849,57.12
850,54.04
851,51.88
852,47.46
853,45.53
854,46.9
855,48.77
856,53.4
857,56.93
858,58.99
859,55.41
860,47.75
861,39.97
862,39
863,37.21
864,36.68
865,35
866,34.96
867,35.38
868,36.25
869,37.45
870,44.69
871,56.77
872,62.51
873,62.09
874,60.07
875,58.39
876,55.06
877,54.1
878,52.91
879,51.62
880,53.75
881,60.21
882,65.5
883,62.36
884,56.77
885,48.91
886,47.37
887,44.7
888,43.3
889,38.27
890,37.39
891,35.06
892,34.8
893,38.86
894,47.18
895,59.06
896,61.76
897,61.66
898,58.29
899,56.38
900,52.46
901,52.22
902,49.14
903,51.14
904,53.46
905,60.19
906,65.13
907,65.62
908,53
909,49.58
910,47.71
911,45.21
912,46.16
913,43.66
914,42
915,40.88
916,41.38
917,42.53
918,49.05
919,62.34
920,67.66
921,67.45
922,67.18
923,59.79
924,52.53
925,51.17
926,51.48
927,53
928,56.48
929,64.36
930,71.19
931,71.04
932,58.82
933,51.7
934,51.13
935,46.43
936,47.23
937,46.1
938,44.56
939,39.59
940,37.21
941,38.34
942,49.08
943,52.55
944,53.46
945,53.06
946,52.96
947,53
948,49.34
949,47.18
950,42.79
951,43.94
952,46.18
953,49.59
954,53.19
955,55.97
956,52.03
957,43.22
958,41.69
959,40.44
960,42.3
961,42.54
962,39.92
963,36.48
964,35.6
965,36.62
966,38.28
967,43.65
968,45.9
969,49.9
970,49.29
971,48
972,45.92
973,42.47
974,40.28
975,40.03
976,40.2
977,42.98
978,45.44
979,43.4
980,38.86
981,38.5
982,39.98
983,42.02
984,36.12
985,30.68
986,20.93
987,10.7
988,12.97
989,21.05
990,20.84
991,29.08
992,32.46
993,36.91
994,38.01
995,37.65
996,40
997,34.61
998,34.74
999,34.2
1000,31.78
1001,34.74
1002,43.97
1003,48.49
1004,46.21
1005,41.95
1006,47.5
1007,43.8
1008,42.35
1009,40.58
1010,40.32
1011,37.3
1012,38.29
1013,41.7
1014,47.57
1015,52.7
1016,55.59
1017,58.86
1018,54.79
1019,52.97
1020,54.04
1021,50.95
1022,48.88
1023,47.84
1024,45.98
1025,49.84
1026,61.44
1027,64
1028,54.49
1029,47.3
1030,42.6
1031,42.82
1032,38.43
1033,34.35
1034,34.2
1035,33.36
1036,32.04
1037,33.58
1038,40.06
1039,50.19
1040,49.02
1041,47.95
1042,44.96
1043,44.23
1044,39.39
1045,38.06
1046,39.43
1047,42.94
1048,45.36
1049,49.85
1050,54.38
1051,58.92
1052,51.97
1053,40.78
1054,43.58
1055,43.26
1056,41.47
1057,39.25
1058,38.85
1059,35.75
1060,35.91
1061,37.17
1062,42.82
1063,49.47
1064,58.8
1065,56.07
1066,52.45
1067,50.81
1068,48.41
1069,46.23
1070,42.43
1071,40.99
1072,42.21
1073,45.75
1074,52.08
1075,51.24
1076,42.88
1077,37.36
1078,40.49
1079,42.8
1080,35.58
1081,34.53
1082,32.47
1083,25.61
1084,21.13
1085,31.72
1086,37.7
1087,49.08
1088,49.84
1089,49.82
1090,51.08
1091,50.09
1092,49.48
1093,49.04
1094,46.91
1095,43.24
1096,42.66
1097,47
1098,52
1099,55.52
1100,46.4
1101,40
1102,40.39
1103,40.98
1104,39.7
1105,35.68
1106,34.35
1107,32.29
1108,32.5
1109,34.82
1110,40.94
1111,50.25
1112,53.62
1113,52
1114,50.1
1115,51.78
1116,48.02
1117,40.63
1118,39.14
1119,40.02
1120,42.86
1121,46.5
1122,51.68
1123,49.68
1124,45.92
1125,41.87
1126,41.68
1127,39.5
1128,39.9
1129,35.72
1130,35.62
1131,34.2
1132,33.62
1133,33.86
1134,35.44
1135,38.01
1136,42.61
1137,46.82
1138,46.52
1139,47.4
1140,44.98
1141,41.43
1142,36.85
1143,36.53
1144,38.52
1145,44.99
1146,49.77
1147,49.08
1148,45.95
1149,41.1
1150,43.26
1151,46.1
1152,42.09
1153,40.79
1154,40.29
1155,36.08
1156,34.95
1157,35.54
1158,35.38
1159,37.03
1160,37.4
1161,37.92
1162,38.49
1163,37.2
1164,38.74
1165,36.16
1166,34.38
1167,34.94
1168,36.24
1169,42.36
1170,49.01
1171,50.49
1172,48.24
1173,41.27
1174,43.91
1175,42.81
1176,39.74
1177,37.21
1178,37.13
1179,37.37
1180,35.07
1181,37.65
1182,48.49
1183,57.95
1184,61.28
1185,61.63
1186,59.67
1187,58.11
1188,54.24
1189,53.01
1190,54.55
1191,53.97
1192,50.97
1193,59.92
1194,67.84
1195,62.04
1196,59.9
1197,49.07
1198,45.95
1199,40.9
1200,42.87
1201,40
1202,38.1
1203,36.26
1204,36.95
1205,40.69
1206,47.19
1207,60.05
1208,61.92
1209,61.85
1210,59.89
1211,56.1
1212,53.38
1213,51.67
1214,50.7
1215,49.87
1216,50.25
1217,53.51
1218,60.48
1219,59.62
1220,51.72
1221,42.89
1222,42.93
1223,44.22
1224,42.4
1225,39.15
1226,38.65
1227,37.86
1228,37.33
1229,39.06
1230,45.65
1231,59.13
1232,60.69
1233,60.49
1234,55.51
1235,49.71
1236,47.65
1237,46.06
1238,44.4
1239,44.97
1240,47.41
1241,55.43
1242,58.93
1243,60.36
1244,55
1245,45.24
1246,53.52
1247,47.92
1248,45.46
1249,39.94
1250,42.87
1251,40.9
1252,40.16
1253,42.02
1254,49.93
1255,59.19
1256,60.97
1257,60.07
1258,58.69
1259,58.69
1260,56.3
1261,52.67
1262,46.94
1263,44.68
1264,49.8
1265,56.34
1266,59.98
1267,61.61
1268,61.54
1269,53.71
1270,52.29
1271,52.46
1272,49.8
1273,47.11
1274,45.9
1275,43.15
1276,43.12
1277,42.9
1278,52.25
1279,61.62
1280,63.03
1281,61.88
1282,58.56
1283,55.47
1284,52.36
1285,46.73
1286,43.84
1287,45.46
1288,44.76
1289,54.32
1290,61.87
1291,63.79
1292,57.62
1293,50.03
1294,54.4
1295,50.83
1296,55.34
1297,54.65
1298,49.04
1299,45.25
1300,46.4
1301,48.17
1302,49.68
1303,50.15
1304,54.87
1305,59.83
1306,60.85
1307,61.48
1308,61.34
1309,61.05
1310,53.41
1311,51.68
1312,40.62
1313,47.48
1314,54.2
1315,61.96
1316,59.19
1317,51.13
1318,53.1
1319,52.01
1320,51.43
1321,50.88
1322,48.1
1323,38.95
1324,34.76
1325,36
1326,36.42
1327,37
1328,39.7
1329,44.88
1330,44.03
1331,44.27
1332,42.73
1333,39.1
1334,32.45
1335,31.07
1336,34.72
1337,42.99
1338,56.8
1339,62.83
1340,62.5
1341,53.13
1342,55.5
1343,52.39
1344,50.64
1345,47
1346,46.27
1347,44.07
1348,44.61
1349,46.44
1350,53.97
1351,69.54
1352,73.39
1353,65.62
1354,64.28
1355,63.3
1356,61.87
1357,61.97
1358,59.77
1359,57.4
1360,56.1
1361,62.1
1362,81
1363,90.33
1364,73.83
1365,64.63
1366,63.03
1367,61.35
1368,57.95
1369,56.17
1370,59.47
1371,55.58
1372,54.93
1373,55.82
1374,69.22
1375,98.19
1376,124.1
1377,102
1378,92.25
1379,89.9
1380,81.2
1381,78.86
1382,70.82
1383,65.84
1384,69.68
1385,71.06
1386,151.42
1387,159.4
1388,129.5
1389,72
1390,77.85
1391,66.92
1392,76.66
1393,75.11
1394,71.96
1395,68.99
1396,65.38
1397,68.63
1398,82
1399,95.42
1400,120.1
1401,114.41
1402,97
1403,90.08
1404,79.23
1405,79.59
1406,80.54
1407,58.93
1408,64.49
1409,69.07
1410,92.79
1411,105.54
1412,83.84
1413,64.64
1414,61.36
1415,55.89
1416,80.79
1417,76.66
1418,75.11
1419,69
1420,60.4
1421,68.01
1422,93.09
1423,94.1
1424,104.26
1425,115.41
1426,112.02
1427,113.55
1428,85.3
1429,83.21
1430,72.63
1431,73.07
1432,65.7
1433,71.76
1434,98.19
1435,106.15
1436,85.77
1437,79.74
1438,83.21
1439,55.66
1440,77.7
1441,61.15
1442,50.91
1443,42.12
1444,39.5
1445,54.08
1446,78.1
1447,113.67
1448,97.91
1449,122.33
1450,104.05
1451,74.98
1452,65.56
1453,70.4
1454,92.37
1455,103.31
1456,108.08
1457,90.42
1458,101.23
1459,133.39
1460,107.89
1461,76.55
1462,80.05
1463,71.55
1464,61.53
1465,50.49
1466,42.64
1467,37.72
1468,36.23
1469,36.36
1470,38.91
1471,42.19
1472,48.03
1473,52.85
1474,58.21
1475,50.07
1476,44.45
1477,43.29
1478,40.89
1479,40.37
1480,41.7
1481,44.92
1482,52.52
1483,63.14
1484,56.56
1485,43.96
1486,52
1487,50.48
1488,50
1489,45.94
1490,42
1491,38.85
1492,37.91
1493,38.6
1494,39.1
1495,39.81
1496,40
1497,42.85
1498,42.76
1499,46.35
1500,50.45
1501,49.29
1502,43.89
1503,40.16
1504,35.95
1505,40.6
1506,45.84
1507,53.21
1508,52.14
1509,43
1510,45.94
1511,42
1512,39.1
1513,38.37
1514,36.19
1515,34.39
1516,33
1517,38.2
1518,47
1519,61.74
1520,65.78
1521,68.3
1522,63.69
1523,61.66
1524,56.08
1525,55.03
1526,54.01
1527,55.1
1528,55.49
1529,69.67
1530,83.16
1531,83.61
1532,62.48
1533,54.96
1534,52.01
1535,49.08
1536,40.25
1537,38.1
1538,37.39
1539,36.61
1540,36.91
1541,38.76
1542,46.5
1543,58.26
1544,65.19
1545,65.02
1546,63.28
1547,55.03
1548,52.39
1549,50.07
1550,48.98
1551,48.76
1552,49.42
1553,53.99
1554,60.7
1555,64.63
1556,59.9
1557,46.95
1558,48
1559,45
1560,39.07
1561,38.9
1562,37.78
1563,36.91
1564,37.54
1565,39.9
1566,46.69
1567,55.85
1568,61.79
1569,60
1570,56.69
1571,56.51
1572,51.51
1573,48.99
1574,47.07
1575,47.9
1576,48.89
1577,53.7
1578,60.95
1579,64.34
1580,50.29
1581,43.66
1582,42.85
1583,43.08
1584,39.94
1585,37.4
1586,35.86
1587,33.29
1588,34
1589,41.83
1590,44.11
1591,46.95
1592,52.48
1593,54
1594,48.8
1595,49.44
1596,49.45
1597,48.42
1598,47.75
1599,44.28
1600,43.59
1601,43.43
1602,48.21
1603,56.84
1604,58.15
1605,41.43
1606,47.13
1607,43.53
1608,45.27
1609,38.12
1610,37.21
1611,35.65
1612,27.29
1613,32.22
1614,37.93
1615,45.67
1616,48.88
1617,48.88
1618,48.01
1619,46.96
1620,47.81
1621,42.47
1622,40.88
1623,42.19
1624,44.46
1625,46.46
1626,46.29
1627,53.12
1628,48.88
1629,44.21
1630,41.08
1631,38.66
1632,33.1
1633,31.29
1634,30.85
1635,28.44
1636,24.86
1637,28.46
1638,29.66
1639,30.74
1640,33.96
1641,36.01
1642,37.52
1643,37.39
1644,36.6
1645,35.64
1646,34.01
1647,33.06
1648,31.82
1649,34.04
1650,42.04
1651,44
1652,39.7
1653,36.1
1654,35.3
1655,35.81
1656,32.26
1657,27.14
1658,26.67
1659,26.2
1660,25.06
1661,21.76
1662,21.92
1663,26.16
1664,28.82
1665,30.79
1666,30.34
1667,29.04
1668,26.05
1669,20.81
1670,20.15
1671,14.5
1672,10.44
1673,21.12
1674,35.7
1675,40.77
1676,36.57
1677,32.27
1678,32.59
1679,31.13
1680,32.1
1681,28.46
1682,19.8
1683,12
1684,9.56
1685,19.04
1686,42.01
1687,44.66
1688,48.34
1689,48.05
1690,46.02
1691,44.41
1692,45
1693,41.5
1694,38.38
1695,37.24
1696,37.61
1697,42.23
1698,50.24
1699,62
1700,55.23
1701,43.23
1702,41.23
1703,36.81
1704,35.04
1705,32.2
1706,28.86
1707,26.2
1708,27.76
1709,33.27
1710,41.06
1711,51.17
1712,54.02
1713,57.68
1714,57.9
1715,55
1716,52.56
1717,50.32
1718,48.47
1719,44.67
1720,46.48
1721,48.56
1722,55.24
1723,71.6
1724,66.15
1725,56.66
1726,50.43
1727,42.73
1728,40.23
1729,39.56
1730,37.02
1731,35.56
1732,34.77
1733,39.51
1734,49
1735,63.7
1736,70.56
1737,65.34
1738,57.98
1739,53.83
1740,49.58
1741,48.45
1742,42.93
1743,44.45
1744,38.3
1745,48.41
1746,62.81
1747,60.94
1748,48.86
1749,41.11
1750,36.72
1751,30.58
1752,25.36
1753,20.41
1754,18.42
1755,11.5
1756,8.58
1757,18.35
1758,33.84
1759,42.67
1760,44.51
1761,46.25
1762,47.06
1763,44.44
1764,41.76
1765,39.7
1766,35.17
1767,34.01
1768,33.61
1769,36.05
1770,48
1771,72.85
1772,54.01
1773,40.93
1774,40.04
1775,34.01
1776,45.42
1777,37.17
1778,34
1779,30.55
1780,29.97
1781,35.55
1782,44.46
1783,50.72
1784,55.29
1785,55.99
1786,53.89
1787,53.4
1788,52.11
1789,50.18
1790,46.5
1791,44.3
1792,41.91
1793,46.62
1794,47.91
1795,62.79
1796,50.13
1797,50.17
1798,50.58
1799,49.83
1800,57
1801,51
1802,49.72
1803,46.3
1804,36.46
1805,36.96
1806,52.53
1807,56.56
1808,56.26
1809,58.07
1810,61.43
1811,50.44
1812,53.56
1813,50.27
1814,46.52
1815,43.09
1816,41.7
1817,42.78
1818,47.13
1819,73.61
1820,63.83
1821,57.4
1822,57.89
1823,52.53
1824,46.72
1825,43.97
1826,40.63
1827,38.75
1828,37.1
1829,37.89
1830,37.6
1831,36.29
1832,36.8
1833,40.85
1834,47
1835,45.98
1836,47.68
1837,44.36
1838,37.7
1839,33.33
1840,20.1
1841,28.13
1842,40.38
1843,52.11
1844,49.7
1845,50.5
1846,47.48
1847,44.99
1848,43.63
1849,40.8
1850,40
1851,37.7
1852,37.5
1853,40
1854,53.55
1855,65.8
1856,67.09
1857,71.95
1858,66.97
1859,55.81
1860,51.46
1861,48.67
1862,45.95
1863,50.03
1864,50.99
1865,57.18
1866,73
1867,98.19
1868,59.98
1869,50.17
1870,49.53
1871,46
1872,42.29
1873,37.64
1874,39.77
1875,36.59
1876,36.59
1877,39.4
1878,51.48
1879,63.78
1880,71.04
1881,69.66
1882,68.55
1883,44.22
1884,39.87
1885,37.39
1886,38.05
1887,37.76
1888,38.79
1889,47.12
1890,56.92
1891,74.8
1892,58.56
1893,50.25
1894,46.6
1895,44.82
1896,40.77
1897,40.53
1898,40.74
1899,40.08
1900,40.07
1901,41.38
1902,57.15
1903,71
1904,78.33
1905,70.34
1906,61.46
1907,55.41
1908,52.34
1909,50.75
1910,49.2
1911,48.78
1912,49.22
1913,57.95
1914,69.88
1915,78.91
1916,65.73
1917,54.96
1918,55.74
1919,49.66
1920,51.45
1921,50.78
1922,54.24
1923,48.77
1924,47.31
1925,51.86
1926,62.4
1927,74.64
1928,85.07
1929,79.65
1930,71
1931,63.88
1932,60.05
1933,58.72
1934,53.36
1935,52.51
1936,50.74
1937,58.16
1938,70.26
1939,93.8
1940,75.68
1941,58.42
1942,53.33
1943,46.77
1944,44.66
1945,41.6
1946,40.95
1947,40.49
1948,40.55
1949,42.78
1950,55.87
1951,65.62
1952,70.42
1953,65.72
1954,60.4
1955,57.57
1956,52.53
1957,50.35
1958,49.23
1959,49.15
1960,49.48
1961,57.99
1962,60.73
1963,77.81
1964,63.39
1965,55.54
1966,54.91
1967,45.74
1968,40.35
1969,40.7
1970,39.06
1971,38.82
1972,38.14
1973,39.3
1974,38.86
1975,40.18
1976,49.99
1977,52.73
1978,48.76
1979,47.64
1980,46.08
1981,45
1982,41.75
1983,39.07
1984,40.2
1985,46.37
1986,58.06
1987,67.62
1988,55.34
1989,49.8
1990,45.45
1991,46.08
1992,46.74
1993,46
1994,37.85
1995,37.28
1996,37.24
1997,38
1998,39.6
1999,42.23
2000,45.45
2001,46.36
2002,46.17
2003,45.7
2004,42.1
2005,37.95
2006,34.9
2007,36
2008,36.86
2009,41.38
2010,45.16
2011,53.12
2012,54.02
2013,53.24
2014,49.39
2015,44.12
2016,39.53
2017,38.92
2018,38.01
2019,37.25
2020,40.86
2021,52.28
2022,63.03
2023,79.47
2024,76.61
2025,67.98
2026,61.49
2027,55.65
2028,52.52
2029,48.84
2030,45.34
2031,44.03
2032,45.09
2033,51.76
2034,62.49
2035,62.41
2036,62.42
2037,54.91
2038,49.18
2039,42.4
2040,38.8
2041,38
2042,38.01
2043,37.83
2044,38.98
2045,48.47
2046,60.43
2047,67.48
2048,60.96
2049,56.32
2050,52.73
2051,49.52
2052,47.34
2053,43.98
2054,42.31
2055,40.73
2056,41.22
2057,42
2058,48.41
2059,50.41
2060,46.48
2061,40.97
2062,37.43
2063,34.92
2064,34.98
2065,33.72
2066,32.62
2067,33.3
2068,35.05
2069,41.94
2070,50.69
2071,56.76
2072,56.8
2073,53.02
2074,50.92
2075,49.62
2076,48.99
2077,45.7
2078,44.07
2079,42.35
2080,40.72
2081,40.16
2082,45.99
2083,45.56
2084,39.32
2085,45.39
2086,38.46
2087,34.23
2088,31
2089,27.6
2090,25.22
2091,25.55
2092,33.35
2093,46.62
2094,57.57
2095,71.35
2096,67.97
2097,61.26
2098,51.04
2099,44.06
2100,40.47
2101,37.6
2102,39.63
2103,38.92
2104,42.27
2105,44.99
2106,62.6
2107,62.69
2108,45.5
2109,44.62
2110,40.87
2111,35.69
2112,35.8
2113,31.68
2114,32.11
2115,30.79
2116,33.57
2117,37.03
2118,51
2119,50.02
2120,52.83
2121,46.8
2122,43.5
2123,38.17
2124,35.24
2125,32.96
2126,31.66
2127,31.54
2128,35.07
2129,36.48
2130,42.21
2131,49.14
2132,44.98
2133,51.53
2134,48.01
2135,46.23
2136,35.95
2137,31
2138,29.04
2139,26.67
2140,28.18
2141,27.84
2142,36.73
2143,39.8
2144,38.15
2145,37.34
2146,33.8
2147,33.33
2148,29.85
2149,25.73
2150,26.3
2151,26.38
2152,30.41
2153,34.49
2154,39.3
2155,43.08
2156,44.22
2157,44.45
2158,38.78
2159,40.43
2160,32.02
2161,29.03
2162,25.09
2163,22.14
2164,22.49
2165,22.97
2166,23.05
2167,22.96
2168,25.81
2169,28.34
2170,28.3
2171,26.23
2172,22.14
2173,19.01
2174,13.72
2175,14.27
2176,19.7
2177,30.44
2178,39.02
2179,42.8
2180,38.87
2181,39.21
2182,39.12
2183,37.8
2184,29.57
2185,24.08
2186,20.46
2187,19.82
2188,22.94
2189,24.91
2190,28.89
2191,32.23
2192,33.1
2193,31.84
2194,32.52
2195,32.52
2196,24.93
2197,21.75
2198,21.82
2199,22.88
2200,24.47
2201,31.41
2202,37.66
2203,37.56
2204,37
2205,37.3
2206,32.36
2207,25
2208,19.23
2209,17.27
2210,12
2211,10.68
2212,19.56
2213,39.66
2214,52.71
2215,51.1
2216,56.47
2217,50.41
2218,41.62
2219,39.76
2220,36.89
2221,35.05
2222,37.9
2223,41.85
2224,37.33
2225,47.36
2226,49.95
2227,47.85
2228,42.87
2229,39.2
2230,33.18
2231,28.63
2232,26.91
2233,22.04
2234,15.25
2235,13.91
2236,28.46
2237,42.75
2238,48.5
2239,55.51
2240,48.76
2241,45
2242,44.9
2243,37.62
2244,34.9
2245,31.94
2246,32.07
2247,31.59
2248,39
2249,42.4
2250,42.79
2251,43.74
2252,42.54
2253,39.62
2254,32.09
2255,32.31
2256,28.79
2257,26.07
2258,21.6
2259,21.06
2260,27.82
2261,38.6
2262,45.22
2263,54.92
2264,55.92
2265,52.5
2266,49.1
2267,46.88
2268,46.46
2269,46.05
2270,39.96
2271,39.68
2272,33.52
2273,44.49
2274,47.18
2275,49.1
2276,49.4
2277,46.4
2278,46.4
2279,37
2280,29.41
2281,30
2282,29.06
2283,29
2284,34.35
2285,43.18
2286,53.79
2287,55.05
2288,48.09
2289,41.94
2290,39.19
2291,32.6
2292,29.9
2293,30
2294,28.63
2295,28.65
2296,31.68
2297,38.76
2298,42.17
2299,42.99
2300,37.07
2301,32.72
2302,30.45
2303,22.56
2304,19.66
2305,16.45
2306,11.5
2307,11.54
2308,16.37
2309,19.46
2310,21.36
2311,26.05
2312,33.99
2313,33.99
2314,36.29
2315,37.22
2316,21.74
2317,20
2318,12.01
2319,17.18
2320,24.59
2321,33.9
2322,40.45
2323,43.65
2324,39.22
2325,35.5
2326,36.84
2327,33.45
2328,30.52
2329,24.47
2330,19.39
2331,19.01
2332,19.1
2333,21.49
2334,19.35
2335,20.51
2336,22.39
2337,19.41
2338,18.83
2339,17.26
2340,19.23
2341,9.39
2342,12.36
2343,16.28
2344,15.92
2345,27.27
2346,37.19
2347,40.38
2348,41.68
2349,41.1
2350,37.6
2351,38.53
2352,33.95
2353,32.28
2354,31.65
2355,31.82
2356,37.24
2357,47.99
2358,56.5
2359,62.13
2360,57.68
2361,58.58
2362,54.77
2363,47.45
2364,42.81
2365,40.57
2366,39.3
2367,41
2368,43.92
2369,47.69
2370,49.92
2371,50.28
2372,44.53
2373,42.4
2374,44.9
2375,34.3
2376,31.81
2377,29
2378,27.32
2379,28.05
2380,32.51
2381,41.37
2382,44.32
2383,52.49
2384,55.61
2385,52.5
2386,52.28
2387,44.06
2388,41.26
2389,45.97
2390,37.25
2391,40.05
2392,40.24
2393,43.28
2394,48.88
2395,49.63
2396,47.16
2397,45.64
2398,37.87
2399,32.26
2400,25.92
2401,22.57
2402,20.48
2403,23.05
2404,28.4
2405,36.49
2406,42.52
2407,48.63
2408,59.41
2409,57.69
2410,51.63
2411,50.49
2412,43.95
2413,43.31
2414,39.1
2415,38.91
2416,36.13
2417,38.62
2418,40.96
2419,42.38
2420,42.29
2421,41.85
2422,41.05
2423,34.42
2424,25.46
2425,24.49
2426,22.72
2427,23.83
2428,28.3
2429,41.05
2430,48.37
2431,52.03
2432,62.88
2433,56.06
2434,54.96
2435,52.61
2436,52.34
2437,50.86
2438,49.66
2439,49.03
2440,47.71
2441,46.08
2442,46.85
2443,49.49
2444,47.32
2445,46.98
2446,44.49
2447,46.18
2448,36.07
2449,38.91
2450,33.67
2451,29.21
2452,35.31
2453,45.12
2454,54.78
2455,64.1
2456,65.04
2457,58.74
2458,55.21
2459,50.12
2460,46.12
2461,39.81
2462,38.35
2463,39.12
2464,40.32
2465,41.75
2466,45.52
2467,46.49
2468,44.74
2469,42.89
2470,41.89
2471,40.58
2472,33.18
2473,32.37
2474,31.67
2475,29.88
2476,32.03
2477,35.84
2478,38.41
2479,39.74
2480,39.92
2481,38
2482,35
2483,40.52
2484,30.82
2485,28.61
2486,28.99
2487,30.98
2488,33.41
2489,42.32
2490,43.59
2491,46.29
2492,45.02
2493,45.8
2494,42.7
2495,36
2496,31.59
2497,30.73
2498,29.16
2499,24.04
2500,22.63
2501,22.7
2502,28.97
2503,31.87
2504,28.4
2505,24.71
2506,26.07
2507,24.99
2508,21.27
2509,15.7
2510,9.89
2511,9.34
2512,14.93
2513,26.38
2514,31.95
2515,30.41
2516,30.37
2517,38.91
2518,38.9
2519,37.34
2520,33.49
2521,32.77
2522,32.99
2523,32.94
2524,37.4
2525,47.2
2526,56.1
2527,64.99
2528,58.97
2529,55.74
2530,52.97
2531,51.81
2532,49.99
2533,46.3
2534,45.79
2535,44.51
2536,45.74
2537,48.49
2538,52.84
2539,55
2540,49.19
2541,44.46
2542,42
2543,36.96
2544,36.71
2545,36.5
2546,35.5
2547,35.91
2548,35.24
2549,47.74
2550,54.88
2551,56
2552,51.93
2553,47.05
2554,42.71
2555,38.51
2556,37.33
2557,37.6
2558,37.23
2559,38.5
2560,43.65
2561,50.37
2562,55.06
2563,56.17
2564,52.78
2565,47.06
2566,39.89
2567,34.5
2568,33.18
2569,32.54
2570,33
2571,33.3
2572,35.65
2573,44.83
2574,53.49
2575,55.43
2576,47
2577,44.43
2578,42.28
2579,36.17
2580,37.11
2581,35.42
2582,36.9
2583,35
2584,37.71
2585,45.08
2586,50
2587,50.91
2588,49.35
2589,43.3
2590,37.4
2591,35.8
2592,33.03
2593,31.37
2594,29.08
2595,27.65
2596,33.76
2597,43.27
2598,49.96
2599,49.96
2600,46.26
2601,43
2602,41.73
2603,36.52
2604,34.37
2605,35.55
2606,34.12
2607,37.99
2608,42.64
2609,44.51
2610,47.84
2611,50.31
2612,52.52
2613,43.39
2614,39.81
2615,37.13
2616,32.2
2617,31.23
2618,30.06
2619,28.85
2620,32.97
2621,42.28
2622,47.49
2623,49.97
2624,48.69
2625,43.41
2626,42.19
2627,38.84
2628,35
2629,34.97
2630,34.69
2631,34.15
2632,36.71
2633,40.01
2634,42.6
2635,44.69
2636,46.18
2637,43.69
2638,37.91
2639,40.84
2640,30.07
2641,27.59
2642,16.48
2643,11.54
2644,22.01
2645,13.43
2646,14.65
2647,16.92
2648,19.48
2649,26.57
2650,23.42
2651,25.48
2652,24.24
2653,21.65
2654,22.45
2655,24.11
2656,18.57
2657,30.48
2658,41.24
2659,30.04
2660,29.96
2661,36.07
2662,35
2663,29.02
2664,19.37
2665,18.67
2666,13.37
2667,7.09
2668,6.19
2669,5.93
2670,12.25
2671,12.18
2672,15.96
2673,15.68
2674,13.99
2675,13.83
2676,4
2677,2.42
2678,3.03
2679,6.05
2680,7.61
2681,15.54
2682,35
2683,36.96
2684,33.09
2685,32.34
2686,24.1
2687,18.49
2688,16.08
2689,13.85
2690,12.25
2691,11.1
2692,22.2
2693,39.16
2694,47.76
2695,47.85
2696,45.22
2697,42.5
2698,40.37
2699,33.98
2700,35.35
2701,33.27
2702,32.75
2703,34.47
2704,35.17
2705,39.72
2706,44.1
2707,45.6
2708,45.25
2709,44.65
2710,38.04
2711,30.9
2712,30
2713,28.45
2714,24.12
2715,23.4
2716,30.1
2717,36.37
2718,40.28
2719,43.63
2720,42.09
2721,35.9
2722,34.78
2723,32.38
2724,31.65
2725,31.64
2726,30.87
2727,30.41
2728,30.77
2729,41.53
2730,46.39
2731,47.05
2732,47.09
2733,44.9
2734,40.18
2735,28.68
2736,24.09
2737,18.8
2738,22.87
2739,18.14
2740,18.83
2741,31.38
2742,34.77
2743,38.35
2744,41.46
2745,34.31
2746,30.15
2747,31.15
2748,25.35
2749,22.07
2750,21.28
2751,23.09
2752,23.19
2753,30.05
2754,34.48
2755,27.85
2756,34.07
2757,36.93
2758,32.27
2759,25.03
2760,23.08
2761,21.59
2762,11.08
2763,12.63
2764,22.06
2765,35.7
2766,44.5
2767,45.21
2768,40.07
2769,36.04
2770,35.12
2771,30.86
2772,28.57
2773,26.1
2774,24.92
2775,25.65
2776,29.71
2777,35.98
2778,41.57
2779,42
2780,40.98
2781,41.73
2782,35.66
2783,35.19
2784,33.21
2785,32.61
2786,31.01
2787,29.65
2788,35.55
2789,44.48
2790,49.12
2791,54.08
2792,45.63
2793,44.99
2794,40.17
2795,37.66
2796,35.13
2797,33.63
2798,28.82
2799,21.73
2800,18.26
2801,24.27
2802,44.01
2803,39.74
2804,45.86
2805,40.56
2806,34.52
2807,18.57
2808,11.72
2809,15.51
2810,14.48
2811,10.42
2812,14.3
2813,21.45
2814,17.1
2815,23.45
2816,20.26
2817,21.01
2818,23.27
2819,26.4
2820,20.4
2821,23.33
2822,23.88
2823,15.73
2824,17.56
2825,17.8
2826,28.17
2827,28.89
2828,38.66
2829,38.98
2830,35.96
2831,45.13
2832,24.6
2833,16.4
2834,12.06
2835,6.32
2836,5.86
2837,5.9
2838,5.89
2839,12.04
2840,14.23
2841,11.05
2842,16.92
2843,22.45
2844,12.84
2845,7.59
2846,5.09
2847,5
2848,6.37
2849,8
2850,14
2851,14.86
2852,22.35
2853,21.55
2854,15.88
2855,17.66
2856,9.13
2857,8.12
2858,3.34
2859,6.17
2860,8.59
2861,10.83
2862,22.98
2863,26.03
2864,19.11
2865,16.55
2866,16.69
2867,9.94
2868,10.26
2869,8.19
2870,8.25
2871,8.07
2872,16.34
2873,28.09
2874,33.81
2875,34.43
2876,32.64
2877,31.44
2878,26.36
2879,16.88
2880,12.74
2881,10.22
2882,2.53
2883,1.59
2884,3.27
2885,2.48
2886,3.67
2887,13.14
2888,14.97
2889,11.22
2890,11
2891,10.24
2892,5.83
2893,0
2894,0
2895,0.97
2896,3.94
2897,15.4
2898,26.08
2899,31.35
2900,33.77
2901,33.59
2902,29.59
2903,33.74
2904,29.25
2905,28.18
2906,27.68
2907,26.3
2908,29.55
2909,44.68
2910,48.32
2911,50.23
2912,51.73
2913,44.98
2914,40.9
2915,38.1
2916,37.62
2917,36.88
2918,37.37
2919,38.93
2920,44.53
2921,47
2922,48.18
2923,48.23
2924,46.14
2925,46.16
2926,42.92
2927,35.95
2928,32.12
2929,29.77
2930,28.01
2931,25.65
2932,29.01
2933,40.56
2934,49.91
2935,56.73
2936,52.46
2937,49.74
2938,48.77
2939,40.09
2940,37.61
2941,37.32
2942,36.69
2943,36.49
2944,39.68
2945,37.02
2946,40
2947,41.51
2948,45.99
2949,46.7
2950,41.26
2951,36.61
2952,34.65
2953,30.34
2954,28.48
2955,27.52
2956,33.59
2957,36.07
2958,47.51
2959,50.64
2960,49.69
2961,45.56
2962,42.56
2963,39.3
2964,36.72
2965,36.49
2966,34.94
2967,24.1
2968,25.85
2969,34.21
2970,39.17
2971,32.05
2972,28.73
2973,40.09
2974,39.24
2975,33.59
2976,28.63
2977,27.54
2978,24.87
2979,22.92
2980,25.64
2981,26.55
2982,28.78
2983,34.95
2984,31.96
2985,24.65
2986,22.68
2987,21.62
2988,19.34
2989,17.87
2990,17.75
2991,18.16
2992,23.31
2993,29.45
2994,31.8
2995,36.7
2996,37.95
2997,40.41
2998,43.61
2999,32.36
3000,21.88
3001,25.57
3002,23.91
3003,21.67
3004,18.13
3005,16
3006,13.69
3007,16.12
3008,18.38
3009,16.87
3010,17.95
3011,21.3
3012,16.36
3013,10.33
3014,5
3015,8.53
3016,20.13
3017,25.41
3018,30.98
3019,31.49
3020,30.07
3021,30.5
3022,34.57
3023,35.89
3024,28.67
3025,28
3026,22.74
3027,21.18
3028,26.7
3029,41.51
3030,47.74
3031,47.72
3032,45.66
3033,42.21
3034,43.72
3035,39.67
3036,40.1
3037,37.1
3038,35.66
3039,37.77
3040,42.7
3041,44.12
3042,56.95
3043,48.81
3044,48.35
3045,52.82
3046,42.05
3047,32.67
3048,28.92
3049,24.7
3050,24.5
3051,22.16
3052,23.9
3053,34.91
3054,30.18
3055,30.24
3056,29.45
3057,28.59
3058,31.79
3059,30.9
3060,31.02
3061,27.06
3062,27.8
3063,30.64
3064,25.04
3065,31.5
3066,34.26
3067,34.26
3068,35.49
3069,45.68
3070,31.52
3071,31.36
3072,30.08
3073,26.65
3074,22.09
3075,22.75
3076,24.87
3077,36.04
3078,40.01
3079,48.81
3080,51.94
3081,41.65
3082,38.05
3083,35.58
3084,36.77
3085,36.14
3086,34.34
3087,36.97
3088,41.56
3089,45.76
3090,52.87
3091,49.47
3092,48.89
3093,44.6
3094,40.52
3095,37.62
3096,26.78
3097,23.02
3098,18.51
3099,16.79
3100,17.31
3101,18.04
3102,13.12
3103,18.45
3104,20.01
3105,20.59
3106,22.55
3107,24.55
3108,22.82
3109,18.68
3110,17.63
3111,19.24
3112,19.66
3113,29.84
3114,32.35
3115,31.87
3116,32.9
3117,42.93
3118,39.53
3119,37.56
3120,38.66
3121,31.14
3122,27.63
3123,26.2
3124,28.05
3125,33.21
3126,41.05
3127,43.09
3128,43.2
3129,40.49
3130,42
3131,41.77
3132,38.93
3133,37.44
3134,38.18
3135,41.3
3136,49
3137,51.53
3138,54.68
3139,58.12
3140,55.38
3141,56.17
3142,50.37
3143,39.96
3144,35.48
3145,30.26
3146,27.04
3147,23.07
3148,26.13
3149,28.54
3150,36.14
3151,36.19
3152,35.79
3153,35.28
3154,34.85
3155,32.69
3156,30.35
3157,28.43
3158,28.07
3159,27.69
3160,26.09
3161,27.94
3162,31.99
3163,32.37
3164,30.13
3165,34.28
3166,33.29
3167,30.66
3168,21.03
3169,17.06
3170,14.92
3171,10.97
3172,9.17
3173,7.82
3174,14.84
3175,14.9
3176,13.98
3177,13.2
3178,14.7
3179,15.39
3180,15.76
3181,7.42
3182,7.24
3183,7.34
3184,12.51
3185,17.48
3186,25.83
3187,29.39
3188,30.66
3189,32.88
3190,26.82
3191,25.41
3192,20.23
3193,17.15
3194,14.87
3195,12.12
3196,14.25
3197,23.68
3198,54.06
3199,58.01
3200,55.83
3201,50.79
3202,43.6
3203,39.67
3204,33
3205,30.36
3206,29.86
3207,29.84
3208,29.3
3209,30.15
3210,42.11
3211,37.04
3212,33.24
3213,39.6
3214,35.06
3215,32.68
3216,30.41
3217,29.01
3218,28.02
3219,30.01
3220,32.58
3221,41.01
3222,54.6
3223,58.6
3224,57.01
3225,51.2
3226,48.9
3227,41.67
3228,41.71
3229,41.07
3230,40.5
3231,40.72
3232,42.37
3233,47.9
3234,50
3235,49.96
3236,47.08
3237,52.26
3238,43.91
3239,40.36
3240,37.53
3241,33.98
3242,32.6
3243,24.65
3244,24.36
3245,27.95
3246,48.95
3247,57.67
3248,57.12
3249,50.97
3250,48.36
3251,43.43
3252,40.5
3253,37.06
3254,33.04
3255,34.61
3256,24.46
3257,29.45
3258,40.58
3259,30.18
3260,26.57
3261,36.14
3262,33.08
3263,30.46
3264,27.03
3265,22.25
3266,19.45
3267,15.93
3268,19.79
3269,22.85
3270,42.44
3271,47.29
3272,45.12
3273,42.13
3274,41.82
3275,37.39
3276,35.73
3277,32.02
3278,31.8
3279,29.87
3280,33.54
3281,41.02
3282,44.51
3283,43.01
3284,38.06
3285,42.11
3286,36.69
3287,31.79
3288,28.78
3289,27.39
3290,24.42
3291,21.93
3292,27.37
3293,36.28
3294,48.48
3295,54.11
3296,59.35
3297,56.03
3298,49.25
3299,43.2
3300,38.84
3301,38.09
3302,34.38
3303,30.29
3304,33.39
3305,37.85
3306,41.23
3307,37.96
3308,36.48
3309,47.07
3310,46.68
3311,44.37
3312,36.75
3313,22.24
3314,13.84
3315,11.97
3316,14.68
3317,14.46
3318,13.46
3319,22.6
3320,23.8
3321,20.52
3322,19.29
3323,22.62
3324,22.35
3325,20.77
3326,18.94
3327,12.89
3328,16.13
3329,21.46
3330,23.45
3331,20.94
3332,30.47
3333,40
3334,35.21
3335,33.72
3336,24.84
3337,22.7
3338,9.75
3339,6.11
3340,3.34
3341,2.96
3342,5.44
3343,8.35
3344,9.44
3345,9.42
3346,13.88
3347,16.58
3348,9.31
3349,0
3350,0
3351,1
3352,3.18
3353,16.47
3354,23.02
3355,23.86
3356,22.37
3357,32.31
3358,27.46
3359,16.48
3360,10.15
3361,5.87
3362,2.29
3363,0.48
3364,1.55
3365,5.02
3366,7.51
3367,11.04
3368,14.05
3369,6.78
3370,5.57
3371,5.19
3372,2.34
3373,1.72
3374,4.47
3375,5.13
3376,12.34
3377,24.74
3378,28.51
3379,23.83
3380,25.67
3381,34.05
3382,28.78
3383,37.59
3384,33.92
3385,31.18
3386,25.94
3387,20.28
3388,32.1
3389,47.06
3390,54.8
3391,59.37
3392,56.57
3393,50.2
3394,49.05
3395,48.37
3396,51.62
3397,49.47
3398,52.21
3399,52.86
3400,56.29
3401,57.05
3402,59.66
3403,50.7
3404,45.37
3405,48.01
3406,43.11
3407,39.2
3408,37.07
3409,32.95
3410,34.28
3411,23.79
3412,36.24
3413,39.78
3414,56.35
3415,65.99
3416,62.18
3417,54.63
3418,48.13
3419,45.41
3420,45.69
3421,42.77
3422,41.29
3423,40.35
3424,40.4
3425,48.43
3426,49.29
3427,40.54
3428,45.87
3429,45.85
3430,39.75
3431,37.76
3432,34.39
3433,32.92
3434,25.28
3435,23.66
3436,25.78
3437,34.88
3438,46.51
3439,50
3440,51.06
3441,50.63
3442,48.31
3443,44.29
3444,43.63
3445,42.47
3446,42.27
3447,42.2
3448,49.47
3449,49.16
3450,53.77
3451,48.34
3452,42.81
3453,47.6
3454,43.58
3455,41.37
3456,38.47
3457,33.4
3458,31.57
3459,29.22
3460,31.37
3461,43.4
3462,47.37
3463,53.68
3464,48.64
3465,49.5
3466,53.05
3467,43.8
3468,44.3
3469,41.26
3470,42.18
3471,43.69
3472,47.2
3473,42.95
3474,51.22
3475,37.67
3476,38.23
3477,44.63
3478,48.5
3479,41.46
3480,31.51
3481,31.04
3482,27.29
3483,27.18
3484,26.36
3485,25.35
3486,29.93
3487,33.26
3488,33.44
3489,32.74
3490,33.02
3491,33.93
3492,30.59
3493,29.94
3494,29.06
3495,30.41
3496,32.03
3497,38.55
3498,44.53
3499,40.37
3500,40.68
3501,45.48
3502,40.41
3503,39.94
3504,34.15
3505,31.66
3506,31.06
3507,27.81
3508,27.54
3509,25.04
3510,23.57
3511,27.09
3512,29.01
3513,26.22
3514,26.37
3515,30.5
3516,26.24
3517,23.79
3518,26.21
3519,27.56
3520,32
3521,44.97
3522,46.07
3523,46.07
3524,44.52
3525,59.2
3526,53.69
3527,38.95
3528,29.36
3529,33
3530,25.11
3531,22.87
3532,24.55
3533,33.49
3534,62.77
3535,54.49
3536,62.62
3537,58.74
3538,59.5
3539,57
3540,55.84
3541,55.87
3542,55.01
3543,56.66
3544,52.01
3545,61.55
3546,64.21
3547,49.08
3548,49.08
3549,52.81
3550,42.73
3551,36.25
3552,33.9
3553,29.49
3554,29.47
3555,21.07
3556,33.43
3557,39.37
3558,52.69
3559,58.15
3560,63.31
3561,61.45
3562,57.03
3563,49.94
3564,49.49
3565,46.85
3566,46.89
3567,48.73
3568,53.59
3569,55.41
3570,55.67
3571,56.44
3572,51.17
3573,53.72
3574,43.7
3575,37.88
3576,30.52
3577,30.41
3578,25.4
3579,25.02
3580,25.67
3581,30.06
3582,51.7
3583,56
3584,51.37
3585,59.88
3586,58.21
3587,56.22
3588,56.53
3589,55.19
3590,55.2
3591,56.55
3592,63.37
3593,65.15
3594,61.93
3595,47.57
3596,42.06
3597,57.14
3598,51.72
3599,42.88
3600,38.71
3601,36.91
3602,26.36
3603,21.26
3604,27.42
3605,33.36
3606,36.27
3607,50.2
3608,59.91
3609,57.51
3610,57.12
3611,53.89
3612,51.66
3613,52.85
3614,49.71
3615,52.83
3616,55.84
3617,58.49
3618,50.04
3619,43.43
3620,44.46
3621,53.52
3622,48.28
3623,42.94
3624,43.23
3625,31.8
3626,24.24
3627,21.29
3628,30.55
3629,39.01
3630,63.56
3631,61.09
3632,62.97
3633,58.34
3634,55.43
3635,52.05
3636,48.76
3637,46.03
3638,42.46
3639,42.22
3640,39.76
3641,45.66
3642,55.78
3643,49.87
3644,53.46
3645,58.97
3646,53.25
3647,40.92
3648,37.59
3649,28.06
3650,20.12
3651,14.95
3652,15.6
3653,15.1
3654,19.83
3655,31.93
3656,33.78
3657,33.37
3658,32.68
3659,32.72
3660,29.99
3661,26.92
3662,21.13
3663,21.8
3664,24.25
3665,27.08
3666,32.09
3667,28.23
3668,29.32
3669,47
3670,44.02
3671,35.97
3672,29.48
3673,26.77
3674,19.37
3675,13.15
3676,8.77
3677,9.61
3678,13.39
3679,14.96
3680,17.28
3681,15.76
3682,19.48
3683,21.22
3684,20.65
3685,20.14
3686,18.81
3687,14.6
3688,18.7
3689,27.6
3690,36.37
3691,32.63
3692,32.04
3693,39.09
3694,35.61
3695,35.57
3696,23.69
3697,18.49
3698,11.21
3699,15.24
3700,20.42
3701,31.86
3702,54.23
3703,61.59
3704,60.12
3705,59.8
3706,60.27
3707,58.16
3708,55.35
3709,52.25
3710,48.95
3711,48.12
3712,56.07
3713,58.27
3714,61.79
3715,57.95
3716,52.93
3717,50.93
3718,44.49
3719,43.8
3720,41.21
3721,39.44
3722,37.58
3723,32.64
3724,39.52
3725,50.26
3726,58.01
3727,62.8
3728,63.9
3729,63.79
3730,62.8
3731,56.29
3732,55.43
3733,51.11
3734,49.96
3735,49.9
3736,53.78
3737,59.46
3738,62.7
3739,58.09
3740,52.89
3741,56.37
3742,48.18
3743,44.99
3744,41.16
3745,39.53
3746,34.59
3747,31.73
3748,35.93
3749,42.87
3750,56.92
3751,65
3752,65.65
3753,60.58
3754,57
3755,52.67
3756,52.55
3757,50.42
3758,49.98
3759,52.9
3760,58.24
3761,61.25
3762,63.31
3763,59.39
3764,53.01
3765,52.78
3766,48.41
3767,41.67
3768,40.43
3769,39.41
3770,39
3771,34.27
3772,39.37
3773,43.17
3774,54.78
3775,60.95
3776,62.79
3777,58.67
3778,57.79
3779,56.13
3780,54.5
3781,50.77
3782,51.89
3783,54.23
3784,57.94
3785,64.6
3786,65.51
3787,55.08
3788,54.66
3789,57.07
3790,49.24
3791,45.69
3792,43.53
3793,42.53
3794,36.09
3795,33.7
3796,37.99
3797,45.08
3798,55.09
3799,61
3800,63.56
3801,56.2
3802,60.98
3803,58.04
3804,55.37
3805,52.04
3806,49.19
3807,48.94
3808,53.02
3809,46.28
3810,50.81
3811,48.91
3812,49.18
3813,50.4
3814,48.6
3815,46.08
3816,40.81
3817,35.77
3818,32.13
3819,32.35
3820,32.29
3821,31.27
3822,35.32
3823,42.14
3824,39.81
3825,37.84
3826,40.34
3827,40
3828,39.57
3829,38.95
3830,39.48
3831,39
3832,40.66
3833,43.77
3834,45.82
3835,40.78
3836,41.07
3837,50
3838,48.88
3839,46.76
3840,38.87
3841,33.12
3842,29.45
3843,24.97
3844,21.14
3845,22.95
3846,27.25
3847,28.4
3848,30.09
3849,31.97
3850,36.71
3851,35.67
3852,34.61
3853,30.93
3854,29.03
3855,30.38
3856,34.38
3857,41.27
3858,49.96
3859,46.98
3860,46.56
3861,53.67
3862,48.51
3863,39.55
3864,33.73
3865,30.23
3866,21.95
3867,20.79
3868,29.93
3869,41.32
3870,56.87
3871,61.61
3872,63.04
3873,63.24
3874,63.44
3875,56.45
3876,53.57
3877,49.64
3878,49.21
3879,49.66
3880,50.93
3881,53.48
3882,54.94
3883,52.94
3884,50.87
3885,49.47
3886,46.33
3887,40.93
3888,39.48
3889,38.54
3890,27.27
3891,24.27
3892,29.89
3893,37.93
3894,55.02
3895,59.46
3896,59.27
3897,56.96
3898,59.17
3899,58.15
3900,56.52
3901,53.9
3902,51.5
3903,50.98
3904,51.62
3905,52.93
3906,54.08
3907,52.78
3908,48.94
3909,50.29
3910,46.62
3911,40.6
3912,38.4
3913,37.98
3914,33.67
3915,33.28
3916,38.72
3917,43.08
3918,54.05
3919,55.77
3920,55.2
3921,54.94
3922,55
3923,53.03
3924,51.1
3925,49.52
3926,48.91
3927,47.17
3928,49.03
3929,52.7
3930,54.94
3931,53.73
3932,52.97
3933,54.53
3934,48.98
3935,46.69
3936,38.76
3937,38.16
3938,31.81
3939,28.39
3940,33.08
3941,37.19
3942,51.02
3943,56.53
3944,55.17
3945,50.42
3946,49.63
3947,44.83
3948,42.23
3949,43.08
3950,40.1
3951,40.25
3952,46.86
3953,55.39
3954,57.02
3955,54.42
3956,51.75
3957,57.44
3958,52.19
3959,42.59
3960,39.32
3961,36.58
3962,29
3963,28.61
3964,34.75
3965,42.5
3966,59.92
3967,61.9
3968,61.76
3969,60.67
3970,59.88
3971,56.16
3972,55.29
3973,52.99
3974,51.4
3975,50.25
3976,56.69
3977,56.23
3978,56.35
3979,56.1
3980,56.49
3981,56.53
3982,51.63
3983,44.52
3984,41.43
3985,35.48
3986,33.1
3987,28.59
3988,28.13
3989,32.76
3990,34.62
3991,39.1
3992,41.52
3993,39.68
3994,41.07
3995,39.35
3996,35.6
3997,34.65
3998,36.18
3999,36.45
4000,35.81
4001,43.11
4002,46.8
4003,46.08
4004,45.08
4005,46.31
4006,46.47
4007,41.57
4008,37.85
4009,30.29
4010,20.73
4011,19.82
4012,17.65
4013,15.87
4014,18.7
4015,20.01
4016,18.06
4017,16.49
4018,18.6
4019,23.14
4020,14.47
4021,7.48
4022,7.44
4023,9.71
4024,16.78
4025,26.16
4026,36.58
4027,39.59
4028,38.39
4029,45.22
4030,45.5
4031,41.43
4032,37.01
4033,35.4
4034,31.39
4035,29.22
4036,32.88
4037,40.38
4038,54.05
4039,55.48
4040,55.48
4041,52.33
4042,51.81
4043,49.6
4044,46.04
4045,45.69
4046,46.39
4047,45.92
4048,45.88
4049,50.07
4050,51.65
4051,50.81
4052,50
4053,49.93
4054,45.03
4055,39.75
4056,37.57
4057,35.31
4058,29.87
4059,30.61
4060,35.09
4061,42.08
4062,50
4063,53.42
4064,53.34
4065,55.99
4066,58.02
4067,56
4068,55.84
4069,55.04
4070,52.23
4071,53.2
4072,54.34
4073,55.04
4074,59.01
4075,57.79
4076,54.9
4077,55.83
4078,48.96
4079,45.91
4080,41.09
4081,39.23
4082,34.69
4083,34.34
4084,36.46
4085,44.68
4086,57.07
4087,53.43
4088,53.31
4089,51.64
4090,49.7
4091,48.34
4092,47.74
4093,44.22
4094,43.4
4095,42.4
4096,46.29
4097,52.76
4098,59.06
4099,52.83
4100,50.87
4101,54.88
4102,49.26
4103,47.19
4104,39.06
4105,36.65
4106,31.82
4107,32.28
4108,34.5
4109,43.03
4110,56.28
4111,57.47
4112,52.83
4113,41.26
4114,37.85
4115,32.75
4116,30.41
4117,28.51
4118,28.03
4119,27.29
4120,29.4
4121,30.01
4122,33.61
4123,30.95
4124,29.78
4125,36.43
4126,34.3
4127,24.86
4128,23.34
4129,17.49
4130,9.86
4131,9.28
4132,15.59
4133,20.09
4134,31.87
4135,32.68
4136,33.31
4137,31.27
4138,30.87
4139,29.08
4140,26.45
4141,25.71
4142,23.17
4143,24.49
4144,26.2
4145,26.52
4146,31.94
4147,31.34
4148,28.38
4149,35.52
4150,34.59
4151,30.62
4152,23.5
4153,22.9
4154,20.41
4155,19.69
4156,18.19
4157,20.45
4158,21.51
4159,26.09
4160,27.44
4161,27.5
4162,30.64
4163,29.27
4164,25.17
4165,24.41
4166,23.48
4167,24.4
4168,27.95
4169,32.79
4170,33.83
4171,31.98
4172,33.32
4173,45.99
4174,43.99
4175,39.66
4176,32.99
4177,32.29
4178,31.02
4179,30.24
4180,26.32
4181,24.22
4182,25.59
4183,27
4184,27.74
4185,25.03
4186,30.08
4187,31.32
4188,29.99
4189,22.76
4190,23.4
4191,25.08
4192,27.14
4193,31.9
4194,37.77
4195,34.42
4196,31.88
4197,38.58
4198,40.41
4199,39.12
4200,33.1
4201,33.59
4202,32.06
4203,32.06
4204,34.26
4205,48.38
4206,54.95
4207,56.21
4208,54.14
4209,51.75
4210,53.5
4211,51.83
4212,48.62
4213,47.14
4214,45.83
4215,42.7
4216,45.94
4217,49.13
4218,53.22
4219,50.6
4220,48.87
4221,47.85
4222,48.62
4223,42.55
4224,41.22
4225,38.65
4226,39.13
4227,37.65
4228,41.15
4229,48.52
4230,52.91
4231,56.5
4232,53.21
4233,53.39
4234,55.25
4235,51.97
4236,50.27
4237,48.75
4238,48.93
4239,48.08
4240,49.99
4241,52.09
4242,56.13
4243,53.61
4244,50.94
4245,51.47
4246,47.52
4247,43.17
4248,41.94
4249,41.62
4250,41.1
4251,38.2
4252,43.48
4253,50.78
4254,56.78
4255,60.99
4256,59.06
4257,56.74
4258,54.52
4259,51.88
4260,50.18
4261,47.07
4262,46.47
4263,46.64
4264,52.05
4265,51.96
4266,55.01
4267,52.6
4268,50.02
4269,51.79
4270,46.27
4271,39.41
4272,38.84
4273,38.03
4274,31.62
4275,32.24
4276,36.12
4277,35.31
4278,45.26
4279,58.08
4280,54.85
4281,56.46
4282,53.9
4283,49.58
4284,46.88
4285,45.55
4286,47.94
4287,45.98
4288,48.31
4289,48.94
4290,48.71
4291,48.92
4292,41.48
4293,46.22
4294,42.52
4295,40.12
4296,38.53
4297,36.84
4298,35.21
4299,35.14
4300,38.51
4301,44.83
4302,51.55
4303,53.13
4304,50.02
4305,51.61
4306,51.96
4307,52.06
4308,45.77
4309,42.79
4310,40.81
4311,40.54
4312,44.26
4313,48.06
4314,52.37
4315,50.95
4316,49.86
4317,59.75
4318,53.98
4319,46.36
4320,42.98
4321,41.2
4322,39.79
4323,38.38
4324,38.91
4325,41.16
4326,46.03
4327,48.36
4328,47.75
4329,43.53
4330,44.66
4331,43.12
4332,38.23
4333,38.01
4334,38.01
4335,39.47
4336,42.53
4337,47.33
4338,48.85
4339,48.73
4340,47.51
4341,48.23
4342,45.26
4343,37.46
4344,30.76
4345,26.11
4346,22.12
4347,23.42
4348,21.44
4349,23.43
4350,29.37
4351,29.98
4352,26.08
4353,20.71
4354,25.86
4355,27.2
4356,20.11
4357,18.72
4358,18.84
4359,20.87
4360,28.37
4361,42.19
4362,48.37
4363,49.67
4364,46.28
4365,52.01
4366,44.7
4367,41.45
4368,39.25
4369,38.19
4370,38.03
4371,38.08
4372,39.07
4373,49.49
4374,55.95
4375,54.92
4376,55.19
4377,54.83
4378,54.63
4379,56.26
4380,57.63
4381,57.63
4382,59.76
4383,57.44
4384,62
4385,62.47
4386,62.47
4387,59.02
4388,54.96
4389,54.5
4390,51.25
4391,42.23
4392,41.44
4393,41.71
4394,42.38
4395,43.02
4396,44.2
4397,50.24
4398,58
4399,61.89
4400,63
4401,62.96
4402,63.01
4403,62.78
4404,62.52
4405,62.01
4406,61.89
4407,61.96
4408,62
4409,63.17
4410,62.93
4411,63.03
4412,62.69
4413,65
4414,61.45
4415,48
4416,46.23
4417,45.8
4418,44.99
4419,45.44
4420,46.26
4421,52.55
4422,59.98
4423,62.64
4424,66.03
4425,63.3
4426,63.49
4427,62.83
4428,62.5
4429,62.01
4430,61.14
4431,60.5
4432,60.83
4433,60.83
4434,60.38
4435,59.93
4436,58.59
4437,62.01
4438,58.68
4439,54.08
4440,45.48
4441,44.31
4442,42.99
4443,43.11
4444,44.65
4445,51.89
4446,57.71
4447,61.21
4448,61.21
4449,61.85
4450,62.09
4451,61.89
4452,61.66
4453,58.79
4454,55.71
4455,53.39
4456,62.12
4457,61.99
4458,61.75
4459,59.91
4460,53.79
4461,61.63
4462,59.94
4463,48.39
4464,42.98
4465,42.06
4466,41.83
4467,42
4468,41.92
4469,49.1
4470,55.01
4471,56.6
4472,59.68
4473,59.88
4474,59.31
4475,56.74
4476,53
4477,51.05
4478,48.56
4479,47.37
4480,51.86
4481,58.79
4482,58.4
4483,51.82
4484,50.57
4485,60.32
4486,57.38
4487,47.71
4488,45.03
4489,41.02
4490,40.86
4491,39.46
4492,38.23
4493,39.53
4494,41.4
4495,43.49
4496,42.94
4497,38.94
4498,42.89
4499,44.19
4500,42.33
4501,37
4502,38.26
4503,35.96
4504,44.48
4505,45.05
4506,54.98
4507,50.04
4508,46.95
4509,56.34
4510,55.93
4511,43.62
4512,36.98
4513,33.93
4514,32.01
4515,30.33
4516,31.43
4517,30.69
4518,32.69
4519,33.71
4520,32.75
4521,29.88
4522,29.39
4523,29.34
4524,29.82
4525,27.47
4526,22.64
4527,27.43
4528,29.55
4529,43.71
4530,50.17
4531,50.1
4532,50
4533,58.55
4534,57.21
4535,61.4
4536,47.01
4537,42.27
4538,40.94
4539,41.32
4540,42.87
4541,50.14
4542,53.52
4543,54.71
4544,58.94
4545,58.15
4546,58.07
4547,56.31
4548,57.7
4549,57.23
4550,52.41
4551,52.54
4552,52.02
4553,52.95
4554,59.41
4555,53.44
4556,51.94
4557,52.59
4558,49.37
4559,43.98
4560,43.3
4561,44.78
4562,43.28
4563,41.7
4564,44.54
4565,50.61
4566,56.82
4567,58.34
4568,58.9
4569,58.41
4570,58.26
4571,57.32
4572,57.02
4573,55.97
4574,55.15
4575,54.37
4576,56
4577,57.05
4578,57.5
4579,56.08
4580,54.75
4581,55.99
4582,50.69
4583,45.5
4584,45.51
4585,43.66
4586,43.33
4587,43.39
4588,43.8
4589,51.44
4590,56.99
4591,57.51
4592,57.75
4593,56.94
4594,56.69
4595,55.99
4596,54.99
4597,53.67
4598,52.38
4599,52.66
4600,55.23
4601,56.91
4602,57.77
4603,56.85
4604,55.54
4605,55.65
4606,51.58
4607,48.77
4608,46.1
4609,47.51
4610,45.02
4611,44.43
4612,44.49
4613,51.05
4614,57.94
4615,58.9
4616,56.97
4617,58.31
4618,58.3
4619,56.51
4620,54.92
4621,53.93
4622,53.35
4623,53.46
4624,55.44
4625,56.32
4626,58.64
4627,57.07
4628,55.92
4629,54.85
4630,51.16
4631,49.32
4632,43.91
4633,43.14
4634,43.21
4635,43.5
4636,44.17
4637,51.79
4638,57.69
4639,57.98
4640,56.53
4641,55
4642,54.01
4643,51.81
4644,49.04
4645,46.76
4646,47.6
4647,50.06
4648,53.71
4649,55.85
4650,57.96
4651,56.37
4652,55.1
4653,57.75
4654,52.45
4655,52.77
4656,50
4657,48.19
4658,45.3
4659,43.42
4660,42.49
4661,43.06
4662,48.18
4663,51.25
4664,51.22
4665,49.29
4666,46.02
4667,46.92
4668,44.2
4669,43.64
4670,42.29
4671,42.48
4672,48.72
4673,53.97
4674,55.34
4675,57.55
4676,54.98
4677,58.12
4678,56.24
4679,49.82
4680,47.64
4681,45.01
4682,42.41
4683,42.29
4684,42.4
4685,41.49
4686,42.24
4687,42.25
4688,43.36
4689,42.14
4690,43.09
4691,45.23
4692,42.99
4693,40.7
4694,41.11
4695,42.3
4696,42.03
4697,51.72
4698,54.25
4699,56.05
4700,56.23
4701,58.98
4702,56.97
4703,50.58
4704,43.85
4705,42.03
4706,41.64
4707,39.54
4708,43.07
4709,53.05
4710,58.09
4711,59.4
4712,58.87
4713,57.43
4714,58.45
4715,56.15
4716,55.35
4717,55.46
4718,55.41
4719,55.91
4720,57.36
4721,59.34
4722,62.82
4723,59.22
4724,56.92
4725,57.08
4726,51.84
4727,46.52
4728,44.44
4729,42.54
4730,42.35
4731,42.6
4732,43.8
4733,52.2
4734,57.96
4735,59.44
4736,57.97
4737,56.05
4738,56
4739,53.79
4740,51.99
4741,52.34
4742,52.48
4743,52.42
4744,53.76
4745,56.18
4746,58.56
4747,56.94
4748,55.21
4749,54.44
4750,51.32
4751,45.81
4752,42.23
4753,41.91
4754,41
4755,40.89
4756,41.28
4757,48.93
4758,53.68
4759,55.93
4760,54.58
4761,53.68
4762,54.16
4763,52.69
4764,50.62
4765,49.01
4766,49.67
4767,52.06
4768,54.14
4769,59.4
4770,57.97
4771,56.87
4772,55.14
4773,54.17
4774,50.08
4775,44.35
4776,42.6
4777,41.7
4778,41.7
4779,41.39
4780,43.05
4781,51.05
4782,56.32
4783,57.98
4784,55.95
4785,54.08
4786,53.03
4787,52.6
4788,51.29
4789,51.74
4790,52.51
4791,52.73
4792,55.26
4793,57.99
4794,59.38
4795,58.47
4796,57.53
4797,56.15
4798,51.9
4799,48.82
4800,45.6
4801,44.49
4802,44.05
4803,44.93
4804,45.04
4805,52.47
4806,57.61
4807,57.93
4808,57.98
4809,57.06
4810,56.69
4811,55.1
4812,54.07
4813,54.03
4814,55.06
4815,56.07
4816,57.91
4817,58.5
4818,58.95
4819,57.98
4820,56.1
4821,56.02
4822,52.57
4823,50.33
4824,45.58
4825,44.73
4826,45.52
4827,44.67
4828,44.4
4829,44.06
4830,46.69
4831,52.52
4832,55.04
4833,55.09
4834,55.18
4835,54.72
4836,50.46
4837,45
4838,45.1
4839,47.09
4840,53.12
4841,55.02
4842,55.22
4843,54.96
4844,54.68
4845,57.48
4846,52.2
4847,51.79
4848,46.75
4849,44.25
4850,43.87
4851,42.85
4852,42.2
4853,42.07
4854,42.4
4855,43.61
4856,44.74
4857,44.5
4858,44.78
4859,43.58
4860,41.98
4861,41.25
4862,41.4
4863,42.87
4864,45.84
4865,47.96
4866,55.14
4867,56.95
4868,57.21
4869,59.41
4870,56.3
4871,52.18
4872,48.59
4873,45.8
4874,44.5
4875,44.68
4876,47.45
4877,53.06
4878,58.95
4879,59.94
4880,59.05
4881,57.99
4882,57.98
4883,57.27
4884,56.86
4885,55.26
4886,55.2
4887,55.82
4888,57.91
4889,59.91
4890,61.45
4891,60.1
4892,59.02
4893,57.98
4894,54.57
4895,50.88
4896,47.47
4897,46.55
4898,45.09
4899,45.57
4900,47.42
4901,53.97
4902,60.63
4903,62.9
4904,61.32
4905,59.57
4906,61.37
4907,59.99
4908,58.95
4909,58.91
4910,57.67
4911,58.19
4912,63
4913,64.17
4914,65.51
4915,64.22
4916,63.89
4917,61.02
4918,55.37
4919,53.64
4920,50.66
4921,49.08
4922,48.7
4923,48.23
4924,49.79
4925,55.71
4926,62.96
4927,65
4928,65.07
4929,65
4930,63.2
4931,59.74
4932,58.87
4933,57.92
4934,58.54
4935,62.85
4936,67
4937,65.8
4938,66.9
4939,65.45
4940,64.37
4941,62.02
4942,55.21
4943,50.02
4944,48.4
4945,47.5
4946,46.75
4947,46.35
4948,47.34
4949,52.28
4950,60.77
4951,64.08
4952,64.21
4953,65.76
4954,65.65
4955,63
4956,63.78
4957,64.07
4958,64.32
4959,63.55
4960,67.09
4961,67.19
4962,69.3
4963,66.3
4964,64.74
4965,65.7
4966,62.7
4967,49.56
4968,46.51
4969,45
4970,45
4971,44.72
4972,47.02
4973,52.51
4974,60.91
4975,62.01
4976,61.09
4977,64.37
4978,63.36
4979,59.37
4980,57.6
4981,58.53
4982,56.96
4983,56.55
4984,62.4
4985,63.12
4986,62.46
4987,62.21
4988,58.06
4989,57
4990,53.11
4991,51.91
4992,47.75
4993,43.54
4994,42.95
4995,43.04
4996,42.61
4997,44.48
4998,47.08
4999,50.83
5000,53.59
5001,49.06
5002,46.8
5003,45.28
5004,43.02
5005,42.09
5006,41.81
5007,42.4
5008,45.11
5009,50
5010,52.88
5011,52.84
5012,53.09
5013,53.76
5014,50.59
5015,47.4
5016,42.78
5017,41.63
5018,42.21
5019,42.5
5020,42.5
5021,42.09
5022,40.49
5023,40.55
5024,40.59
5025,41.57
5026,40.57
5027,40.61
5028,40.98
5029,36.76
5030,37.4
5031,41.53
5032,42.01
5033,50.73
5034,55.76
5035,57.43
5036,57.94
5037,57.22
5038,53.65
5039,49.87
5040,46.58
5041,45.04
5042,44.26
5043,44.81
5044,45.04
5045,52.56
5046,59.21
5047,60.99
5048,61.08
5049,57.36
5050,57.06
5051,55.91
5052,54.47
5053,53.55
5054,54.54
5055,55.94
5056,61.45
5057,62.8
5058,64.63
5059,63.46
5060,62.06
5061,60.37
5062,51.46
5063,47.02
5064,45.98
5065,45.25
5066,44.34
5067,44.03
5068,46.07
5069,51.91
5070,62.48
5071,65.77
5072,65.9
5073,62.03
5074,60.73
5075,56.65
5076,54.46
5077,52.87
5078,53.1
5079,54.02
5080,61.01
5081,65.06
5082,65.96
5083,65.32
5084,65.32
5085,63.68
5086,52.93
5087,47.13
5088,47
5089,44.89
5090,44.12
5091,44.21
5092,45.96
5093,49.4
5094,58.44
5095,60.52
5096,62
5097,60.43
5098,59.1
5099,58.22
5100,57.8
5101,57.99
5102,58
5103,58.24
5104,63.03
5105,65
5106,65.87
5107,64
5108,63.59
5109,62.54
5110,53.77
5111,47.77
5112,46.13
5113,46.78
5114,45.21
5115,45.3
5116,46.81
5117,53.06
5118,62.21
5119,64.66
5120,65.7
5121,65.7
5122,64.99
5123,64.15
5124,62.85
5125,61.91
5126,61.94
5127,63.07
5128,66.42
5129,67.98
5130,69.41
5131,67.72
5132,67.1
5133,65.44
5134,56.01
5135,52.37
5136,51.14
5137,49.09
5138,48.35
5139,48.47
5140,49.98
5141,58.7
5142,67.76
5143,69.21
5144,70.26
5145,70.46
5146,70
5147,70.7
5148,70.41
5149,70
5150,64.53
5151,65.92
5152,69.72
5153,70.51
5154,75.49
5155,70.35
5156,70.01
5157,66.98
5158,58.61
5159,55.84
5160,51.51
5161,49.94
5162,49.5
5163,48.75
5164,48.73
5165,49.96
5166,51.51
5167,54.89
5168,56.46
5169,53.79
5170,51.68
5171,51.11
5172,49.33
5173,46.78
5174,45.05
5175,45.1
5176,49.7
5177,52.76
5178,56.26
5179,54.47
5180,53.09
5181,56.57
5182,49.53
5183,52.01
5184,50.03
5185,49.41
5186,47.86
5187,46.37
5188,45.07
5189,45.68
5190,47.44
5191,49.44
5192,49.78
5193,46.09
5194,45.6
5195,45.54
5196,44.28
5197,44.11
5198,44.37
5199,45.06
5200,49
5201,52.54
5202,62.03
5203,64.95
5204,65.69
5205,67.59
5206,63
5207,50.18
5208,47.99
5209,47.02
5210,46.02
5211,45.08
5212,47.1
5213,54.38
5214,64.94
5215,68.01
5216,68.34
5217,65.94
5218,64.45
5219,62.36
5220,59.72
5221,60.42
5222,63.06
5223,66.99
5224,71.71
5225,74.02
5226,79.31
5227,73.79
5228,74.82
5229,71.61
5230,66
5231,58.11
5232,52.42
5233,51.01
5234,49.75
5235,49.53
5236,51.51
5237,57.99
5238,64.45
5239,66.8
5240,70.44
5241,69
5242,67.94
5243,66.92
5244,65.75
5245,66.11
5246,66.99
5247,67.19
5248,69
5249,75.42
5250,75.05
5251,67.33
5252,67.99
5253,66.91
5254,57.08
5255,47.77
5256,46.41
5257,45.49
5258,43.9
5259,43.9
5260,46.66
5261,51.15
5262,58.71
5263,65.06
5264,65.04
5265,59.12
5266,55.79
5267,56.26
5268,53.47
5269,49.99
5270,50.97
5271,54.56
5272,62.96
5273,65.7
5274,65.67
5275,66.41
5276,68
5277,68.01
5278,64.97
5279,50.57
5280,47.47
5281,46.14
5282,45.07
5283,44.8
5284,46.13
5285,52.05
5286,62.14
5287,63.9
5288,64.88
5289,64.67
5290,64.59
5291,62.77
5292,60
5293,57.56
5294,56.03
5295,54.39
5296,56.54
5297,58.76
5298,56.9
5299,52.36
5300,50
5301,49.54
5302,45.78
5303,36.29
5304,31.43
5305,31.37
5306,24.91
5307,25.39
5308,32.9
5309,46.08
5310,50.62
5311,53.47
5312,52.91
5313,51.5
5314,50.6
5315,48.66
5316,45.55
5317,44.05
5318,44.7
5319,48.04
5320,49.23
5321,59.36
5322,61.95
5323,57.15
5324,58.45
5325,57
5326,53.79
5327,49.43
5328,45.8
5329,44.02
5330,41.39
5331,40.64
5332,41.01
5333,41.52
5334,44.22
5335,47.97
5336,47.63
5337,45.02
5338,47
5339,48.19
5340,46.78
5341,43.57
5342,42.61
5343,41.68
5344,47.01
5345,50.32
5346,57.98
5347,58.92
5348,60.58
5349,61.14
5350,58.39
5351,48.22
5352,45
5353,42.8
5354,42.05
5355,40.99
5356,40.93
5357,41.47
5358,40.97
5359,41.1
5360,39.9
5361,35.84
5362,35.49
5363,34.52
5364,29.27
5365,24.6
5366,26.87
5367,30.08
5368,42.56
5369,51.19
5370,57.55
5371,61.35
5372,63.02
5373,62.1
5374,57.73
5375,50.6
5376,47.08
5377,44.97
5378,44.18
5379,44.06
5380,47.26
5381,53.69
5382,60.79
5383,61.93
5384,62.23
5385,61.38
5386,62
5387,61.91
5388,59.81
5389,58.05
5390,56.16
5391,58.13
5392,60.14
5393,59.91
5394,62.09
5395,59.9
5396,59.99
5397,56.7
5398,50.83
5399,49.41
5400,47.88
5401,46.88
5402,45.7
5403,45.77
5404,48.22
5405,53.47
5406,61.71
5407,64.07
5408,64.39
5409,64.03
5410,63.53
5411,59.9
5412,51.83
5413,48
5414,46.58
5415,45.81
5416,50.92
5417,59.89
5418,63.53
5419,63.44
5420,63.49
5421,62.15
5422,54.48
5423,48.73
5424,48.05
5425,47.85
5426,46.01
5427,44.43
5428,46.05
5429,49.32
5430,45.84
5431,51.74
5432,57.85
5433,53.69
5434,54.4
5435,52.23
5436,49.01
5437,48.25
5438,47.96
5439,48.66
5440,53
5441,62.21
5442,64.28
5443,65
5444,64.83
5445,63.83
5446,55.75
5447,49.88
5448,47.97
5449,47.39
5450,46.82
5451,46.51
5452,48.5
5453,55
5454,62.11
5455,63.63
5456,61.29
5457,55.01
5458,53.2
5459,54.48
5460,51.14
5461,50.83
5462,50.92
5463,52.07
5464,62.44
5465,65.7
5466,67.01
5467,67.06
5468,66.2
5469,64.39
5470,60.03
5471,50.66
5472,49.39
5473,47.44
5474,46.5
5475,47.02
5476,48.08
5477,56.64
5478,62.82
5479,63.99
5480,64.39
5481,63.05
5482,62.82
5483,61.96
5484,59.27
5485,55.24
5486,54.32
5487,57.21
5488,63
5489,64.46
5490,64.6
5491,64.57
5492,64.48
5493,63.9
5494,54.58
5495,57.28
5496,55.41
5497,49.31
5498,47.55
5499,47.3
5500,47.05
5501,47.89
5502,49.5
5503,53.89
5504,56.41
5505,53.6
5506,53.51
5507,55.68
5508,53.51
5509,52.18
5510,49.3
5511,48.97
5512,55.13
5513,62.14
5514,64.45
5515,64.9
5516,65.04
5517,64.98
5518,62.14
5519,55.56
5520,48.8
5521,46.08
5522,46
5523,46.05
5524,46.1
5525,45.3
5526,45
5527,46.06
5528,47.02
5529,46.02
5530,45.32
5531,44.62
5532,43.26
5533,40.7
5534,41.55
5535,44.02
5536,47.09
5537,56.31
5538,62.26
5539,63.41
5540,64.23
5541,64.6
5542,62.26
5543,60.79
5544,47.11
5545,44.15
5546,43.83
5547,43.6
5548,47.09
5549,55.57
5550,63.43
5551,64.46
5552,64.43
5553,65.55
5554,67.41
5555,66.9
5556,65.69
5557,66
5558,64.86
5559,62.8
5560,62.38
5561,66.78
5562,67.03
5563,67.01
5564,66.15
5565,66.65
5566,63.5
5567,58.09
5568,52.41
5569,51.79
5570,50.27
5571,51.16
5572,54.69
5573,65
5574,69.07
5575,74
5576,77.92
5577,78.79
5578,76.61
5579,75.26
5580,71.1
5581,70.51
5582,69.06
5583,69
5584,71.1
5585,74.9
5586,76.52
5587,75.54
5588,71.92
5589,68.93
5590,62.96
5591,60.51
5592,54
5593,51.14
5594,49.67
5595,50.53
5596,55.08
5597,66.06
5598,70
5599,71.9
5600,72.14
5601,70.53
5602,70.51
5603,71.79
5604,71.16
5605,71.68
5606,71.69
5607,70.67
5608,74.95
5609,77.15
5610,83.93
5611,80.52
5612,75.8
5613,73.62
5614,67.43
5615,67.9
5616,61.77
5617,55.11
5618,53.29
5619,54.12
5620,57.53
5621,66.67
5622,69.91
5623,73.77
5624,71.98
5625,71.69
5626,71.14
5627,70
5628,69.11
5629,68.89
5630,67
5631,67.86
5632,70
5633,73.02
5634,74.14
5635,74.19
5636,72.82
5637,69.89
5638,64
5639,62.43
5640,52.5
5641,51.37
5642,49.95
5643,49.62
5644,51.1
5645,61.26
5646,66.9
5647,68.76
5648,68.84
5649,68.32
5650,67.86
5651,67.46
5652,65.21
5653,62.63
5654,60.87
5655,59.77
5656,58.14
5657,64.5
5658,68.47
5659,68
5660,67.14
5661,65.94
5662,64.67
5663,57.93
5664,55.97
5665,53.57
5666,51.26
5667,50.86
5668,51.03
5669,51.16
5670,53.57
5671,58.05
5672,61.26
5673,61.26
5674,62
5675,64.47
5676,60.12
5677,55.36
5678,58.16
5679,58.13
5680,59.02
5681,64.15
5682,66.01
5683,67.99
5684,67.67
5685,66.69
5686,66.05
5687,63.54
5688,57.06
5689,58.87
5690,54.5
5691,50.06
5692,49.83
5693,48.9
5694,47.68
5695,49.05
5696,49.08
5697,51.94
5698,53.88
5699,55.86
5700,51
5701,46
5702,43.01
5703,46
5704,49.07
5705,59.97
5706,68.1
5707,70
5708,68.01
5709,63.43
5710,59.48
5711,48.18
5712,45.39
5713,35.55
5714,28.79
5715,34.04
5716,33.99
5717,51.82
5718,58.82
5719,66.9
5720,67.41
5721,67.12
5722,65.95
5723,68.55
5724,67.5
5725,67.03
5726,66.37
5727,67.98
5728,70.25
5729,70.89
5730,73.52
5731,74.83
5732,72.51
5733,71.74
5734,68.52
5735,65.58
5736,60.5
5737,58.36
5738,54.2
5739,53.97
5740,58.32
5741,64.69
5742,70
5743,72.18
5744,72.24
5745,72.14
5746,71.19
5747,70.19
5748,67.47
5749,68.01
5750,67.14
5751,68.74
5752,71.95
5753,74.97
5754,79.52
5755,82.51
5756,74.46
5757,72.14
5758,67.29
5759,63.59
5760,54.87
5761,53.54
5762,51.15
5763,51.25
5764,54.1
5765,66.9
5766,71.95
5767,73.66
5768,76.58
5769,75.94
5770,75.27
5771,75
5772,75.18
5773,74.01
5774,72.5
5775,72.53
5776,72.19
5777,74.78
5778,74.9
5779,74.1
5780,70.74
5781,69.84
5782,64.69
5783,55.9
5784,55.87
5785,52.74
5786,50.91
5787,50.5
5788,58.64
5789,64.15
5790,71.34
5791,74.83
5792,76.75
5793,75.43
5794,74.52
5795,74.23
5796,74.96
5797,73.77
5798,73.77
5799,72.93
5800,72.13
5801,73.66
5802,74.83
5803,73.69
5804,73.34
5805,71.59
5806,66.19
5807,61.9
5808,56.69
5809,54.29
5810,53.04
5811,52.09
5812,53.58
5813,64.15
5814,72.18
5815,73.51
5816,74.4
5817,73.66
5818,73.49
5819,72.5
5820,71
5821,70.06
5822,66.11
5823,66.87
5824,70.27
5825,72.17
5826,72.19
5827,73.31
5828,72.51
5829,69.98
5830,65.25
5831,67.49
5832,61.91
5833,55.56
5834,54.02
5835,52.69
5836,52.78
5837,54.94
5838,57.95
5839,60.91
5840,66.5
5841,64.68
5842,64.86
5843,62.79
5844,60
5845,56.42
5846,55.57
5847,56.05
5848,61.52
5849,68.49
5850,70
5851,71.14
5852,69.11
5853,68.72
5854,65.24
5855,55.04
5856,53.35
5857,49.35
5858,48.7
5859,46.37
5860,46.91
5861,46.9
5862,47.01
5863,49.66
5864,54.67
5865,54.45
5866,55.65
5867,54.59
5868,53.52
5869,50.5
5870,50.65
5871,48.35
5872,53.83
5873,62.1
5874,67.72
5875,70.67
5876,66.37
5877,62.8
5878,56.17
5879,61
5880,53.78
5881,51.35
5882,49.94
5883,49.72
5884,51.71
5885,67.04
5886,72
5887,73.55
5888,73.91
5889,73.51
5890,73.6
5891,71.12
5892,68.63
5893,67.05
5894,64.97
5895,66.96
5896,70.81
5897,72.3
5898,72.99
5899,72.91
5900,68.07
5901,60.03
5902,58.48
5903,57.13
5904,54.09
5905,52.18
5906,51.24
5907,51.69
5908,54.6
5909,67.09
5910,73.02
5911,74.68
5912,74.91
5913,73.92
5914,73.46
5915,71.06
5916,69.02
5917,68.81
5918,68.55
5919,70.01
5920,72.94
5921,73.99
5922,75
5923,75
5924,73.06
5925,69.3
5926,61.82
5927,55.72
5928,54.47
5929,53.56
5930,52.66
5931,53.18
5932,55.32
5933,71.54
5934,75.65
5935,76.76
5936,77.06
5937,76.68
5938,77.05
5939,75.17
5940,72.05
5941,72.69
5942,72.1
5943,74.02
5944,75.57
5945,76.76
5946,79.62
5947,79.33
5948,76.03
5949,70.01
5950,62.74
5951,55.11
5952,53.63
5953,52.38
5954,52.31
5955,52.38
5956,54.64
5957,68.98
5958,73.78
5959,74.95
5960,75.57
5961,74.36
5962,73.4
5963,71.06
5964,69.63
5965,70.24
5966,69.51
5967,71.09
5968,73.73
5969,73.89
5970,74.03
5971,74.3
5972,72.3
5973,63.71
5974,61.97
5975,56.38
5976,54.74
5977,53.55
5978,53.37
5979,53.66
5980,55.88
5981,66.98
5982,74.14
5983,79.99
5984,77.04
5985,72.68
5986,71.3
5987,71.14
5988,67.36
5989,63.78
5990,58.89
5991,59.78
5992,61.32
5993,67.22
5994,71.14
5995,72.01
5996,66.08
5997,68.58
5998,65.41
5999,65.61
6000,54.85
6001,51.7
6002,47.84
6003,47.52
6004,47.95
6005,51.16
6006,53.74
6007,56.84
6008,61.19
6009,59.92
6010,58.17
6011,59.59
6012,56.17
6013,51.3
6014,49.42
6015,51.12
6016,60.79
6017,69.97
6018,72.3
6019,74.91
6020,72.84
6021,70.66
6022,66.57
6023,54.95
6024,49.7
6025,43.75
6026,39.24
6027,33.81
6028,36.48
6029,42.79
6030,45.06
6031,48.15
6032,48.84
6033,45.01
6034,45.22
6035,45.01
6036,40.4
6037,34.82
6038,43.19
6039,46.01
6040,55.75
6041,68.14
6042,71.9
6043,74.11
6044,74.42
6045,69.77
6046,60.48
6047,54.18
6048,51.54
6049,49.52
6050,48.06
6051,47.47
6052,51.85
6053,70.24
6054,74.3
6055,75.19
6056,76.04
6057,75.43
6058,72.33
6059,66.65
6060,65.18
6061,59.46
6062,63.02
6063,67.92
6064,72.98
6065,75.4
6066,77.36
6067,79.93
6068,74.94
6069,69.93
6070,58.94
6071,59.04
6072,52.15
6073,48.59
6074,45.77
6075,42.08
6076,48.74
6077,64.81
6078,72.5
6079,73.92
6080,73.85
6081,70.76
6082,68.95
6083,65.85
6084,58.48
6085,61.04
6086,60.19
6087,64.09
6088,65.22
6089,75.12
6090,76.04
6091,79
6092,76.23
6093,69.62
6094,66.62
6095,59.06
6096,56.09
6097,51.11
6098,49.52
6099,50.05
6100,56.1
6101,72.16
6102,76.04
6103,76.04
6104,77.7
6105,72.78
6106,76.65
6107,71.59
6108,67.54
6109,68.42
6110,66.65
6111,68.79
6112,76.48
6113,77.64
6114,78.78
6115,80.08
6116,73.42
6117,70.91
6118,65.61
6119,59.48
6120,59.4
6121,56.71
6122,53.45
6123,53.94
6124,58.77
6125,72.11
6126,77.89
6127,81.26
6128,79.94
6129,78.89
6130,77.75
6131,76.66
6132,75.32
6133,74.93
6134,74.08
6135,72.93
6136,75.7
6137,77.6
6138,78.19
6139,78.8
6140,76.04
6141,72.9
6142,63.66
6143,57.63
6144,55.38
6145,54.08
6146,51.51
6147,50.53
6148,56.1
6149,70.91
6150,75.16
6151,78.45
6152,78.46
6153,77.45
6154,75.96
6155,72.08
6156,65.18
6157,64.17
6158,57.78
6159,58
6160,62.27
6161,72.91
6162,74.91
6163,74.74
6164,64.11
6165,71.94
6166,70.29
6167,56.34
6168,50.27
6169,48.22
6170,44.88
6171,43.86
6172,44.87
6173,47.35
6174,49.06
6175,54.64
6176,55.48
6177,53.98
6178,53.67
6179,55.97
6180,53.99
6181,49.64
6182,49.41
6183,51.25
6184,51.13
6185,60.12
6186,71.14
6187,74.64
6188,69.13
6189,65.22
6190,61.55
6191,58.9
6192,50.02
6193,45.01
6194,39.26
6195,34.93
6196,28.79
6197,32.9
6198,36.97
6199,44.23
6200,45.75
6201,45.21
6202,43.22
6203,43.37
6204,35.59
6205,27.55
6206,32.07
6207,42.34
6208,49.09
6209,63.13
6210,70.78
6211,74.8
6212,68.52
6213,63.97
6214,58.6
6215,53.81
6216,48.25
6217,45.41
6218,42.29
6219,43.48
6220,49.05
6221,69.9
6222,75.47
6223,75.91
6224,75.91
6225,74.69
6226,70.98
6227,67.71
6228,66.89
6229,64.32
6230,64.3
6231,68
6232,75
6233,77.03
6234,80.01
6235,81.82
6236,73.72
6237,64.5
6238,50.03
6239,50
6240,47.93
6241,44.46
6242,41.46
6243,43.37
6244,46.03
6245,60.74
6246,74.5
6247,74.98
6248,75.52
6249,67.88
6250,66.25
6251,57.85
6252,57.9
6253,56.64
6254,56.38
6255,56.87
6256,67.04
6257,74.94
6258,77.65
6259,81.1
6260,74.86
6261,68.07
6262,61.65
6263,50.66
6264,48.13
6265,46.65
6266,43.09
6267,44.26
6268,48.4
6269,63.15
6270,75.99
6271,79.79
6272,80.01
6273,77.86
6274,73.32
6275,67.07
6276,58.08
6277,54.85
6278,56.91
6279,54.23
6280,63.09
6281,72.34
6282,75.99
6283,79.87
6284,69.87
6285,61.24
6286,54.2
6287,50.35
6288,44.1
6289,42.32
6290,42.12
6291,45.02
6292,49.3
6293,66.89
6294,75.7
6295,75.94
6296,74.17
6297,68.89
6298,68.07
6299,64.94
6300,60.09
6301,60.49
6302,57.33
6303,56.87
6304,69.13
6305,75.01
6306,79.65
6307,78.89
6308,69.46
6309,62.26
6310,54.1
6311,54.48
6312,43.82
6313,32.58
6314,31.95
6315,28.81
6316,34.89
6317,54.8
6318,71.86
6319,74.29
6320,65.85
6321,59.17
6322,65.09
6323,69.96
6324,67.16
6325,64.19
6326,59.24
6327,55.17
6328,60.17
6329,68.09
6330,75
6331,75.79
6332,68.21
6333,72.4
6334,68.84
6335,66.46
6336,58.31
6337,56.82
6338,49.62
6339,42.04
6340,43.54
6341,48.1
6342,57.74
6343,65.61
6344,73.37
6345,73.24
6346,72.59
6347,71.15
6348,68.59
6349,67.28
6350,68.47
6351,68.11
6352,66.71
6353,71.39
6354,75.7
6355,77.08
6356,75.69
6357,72.01
6358,69.2
6359,59.06
6360,46.58
6361,38.56
6362,37.47
6363,33.6
6364,32.08
6365,36.09
6366,43.14
6367,55.1
6368,57.79
6369,56.35
6370,60.13
6371,57.25
6372,56.06
6373,47.64
6374,39.92
6375,37.58
6376,40.9
6377,57.58
6378,61.78
6379,67.36
6380,54.46
6381,61.67
6382,67.55
6383,48.36
6384,48.18
6385,46.84
6386,38.23
6387,38.91
6388,50.42
6389,60.46
6390,78.93
6391,80.96
6392,81.17
6393,73.9
6394,74.55
6395,71.06
6396,70.92
6397,69.9
6398,69.29
6399,68.8
6400,69.56
6401,71.68
6402,78.3
6403,74.29
6404,72.13
6405,70.01
6406,69.29
6407,55.96
6408,52.49
6409,47.7
6410,44.96
6411,44.49
6412,54.09
6413,65.5
6414,76.93
6415,82.9
6416,76.77
6417,74.21
6418,71.29
6419,63.1
6420,59.38
6421,58.77
6422,60.03
6423,64.31
6424,71.45
6425,75.09
6426,89.01
6427,79.73
6428,74.39
6429,65.8
6430,58.98
6431,47.98
6432,49.3
6433,45.28
6434,35.7
6435,35.81
6436,49.86
6437,60.47
6438,75.36
6439,75.25
6440,74.9
6441,74.1
6442,72.5
6443,67.85
6444,64.43
6445,63.96
6446,64.68
6447,62.38
6448,71.73
6449,74.75
6450,76.78
6451,79.99
6452,68.3
6453,72.69
6454,63.28
6455,62.67
6456,57.6
6457,48.25
6458,45.59
6459,44.92
6460,52.45
6461,66.4
6462,74.9
6463,78
6464,75.21
6465,68.46
6466,70.7
6467,60.22
6468,61.5
6469,60.68
6470,60.76
6471,62.43
6472,66.44
6473,75
6474,78.26
6475,79.73
6476,66.53
6477,65.76
6478,64.14
6479,61.13
6480,58.89
6481,52.01
6482,48.72
6483,48.98
6484,51.3
6485,63.13
6486,78
6487,80
6488,78.03
6489,73.26
6490,70.97
6491,67.68
6492,62.58
6493,56.6
6494,53.89
6495,54.38
6496,53.8
6497,59.92
6498,68.76
6499,64.12
6500,58.58
6501,59.94
6502,56.63
6503,57.44
6504,55.7
6505,52.38
6506,48.5
6507,47.81
6508,48.42
6509,54.4
6510,55.38
6511,59.9
6512,65.34
6513,63.21
6514,61.8
6515,61.44
6516,57.39
6517,54.11
6518,54.48
6519,58.19
6520,57.95
6521,70.01
6522,75.46
6523,77.49
6524,68.88
6525,69.26
6526,65.69
6527,62.86
6528,57.2
6529,54.87
6530,49.66
6531,42.54
6532,43.41
6533,48.33
6534,46.79
6535,54.41
6536,49.8
6537,54.44
6538,56.44
6539,59.72
6540,59.69
6541,41.45
6542,45.34
6543,48.25
6544,55.8
6545,64.62
6546,74.21
6547,74.39
6548,65.31
6549,67.19
6550,61.19
6551,59.53
6552,56.1
6553,51.41
6554,47.38
6555,47.59
6556,51.61
6557,69.13
6558,77.32
6559,84.97
6560,79.56
6561,73.7
6562,72.45
6563,69.95
6564,66.23
6565,61.17
6566,59.45
6567,58.18
6568,60.42
6569,69.93
6570,75
6571,75.67
6572,70.08
6573,64.91
6574,59.49
6575,59.14
6576,56.97
6577,51.41
6578,48.55
6579,48.29
6580,50.64
6581,58.18
6582,73.43
6583,74.26
6584,75.49
6585,73.7
6586,70.47
6587,71.5
6588,69.93
6589,65.99
6590,65.1
6591,65.01
6592,67.13
6593,73.94
6594,81.12
6595,80
6596,75.21
6597,69.95
6598,65.1
6599,61.87
6600,58.44
6601,50.62
6602,38.89
6603,40.37
6604,55.65
6605,61.03
6606,77
6607,78.68
6608,79.73
6609,78
6610,76.89
6611,75.67
6612,75.85
6613,71.52
6614,68.24
6615,64.59
6616,74.14
6617,77.03
6618,85.6
6619,81.65
6620,78.27
6621,73.38
6622,65.95
6623,62.77
6624,59
6625,58.08
6626,51.23
6627,47.53
6628,54.91
6629,74.67
6630,80.37
6631,81.22
6632,82.31
6633,79.17
6634,76.89
6635,74.98
6636,72.89
6637,67.31
6638,63.97
6639,68.58
6640,77.24
6641,80.46
6642,91.13
6643,84.13
6644,79.81
6645,76.2
6646,71.18
6647,61.03
6648,55.07
6649,52.73
6650,49.76
6651,48.28
6652,54.2
6653,65.09
6654,79.08
6655,80
6656,79.47
6657,76.39
6658,75
6659,74.9
6660,63.36
6661,65.66
6662,64.49
6663,64.51
6664,75
6665,78.66
6666,82.96
6667,79.9
6668,68.1
6669,64.53
6670,59.15
6671,55.04
6672,53.68
6673,51.52
6674,51
6675,50
6676,46.91
6677,53.03
6678,62.37
6679,63.98
6680,70.72
6681,64.79
6682,59.06
6683,58
6684,51.62
6685,50.2
6686,49.38
6687,54.81
6688,59.93
6689,72.06
6690,82.27
6691,75.78
6692,61.39
6693,60.73
6694,61.84
6695,57.87
6696,47.63
6697,45.75
6698,43.02
6699,42.5
6700,43.8
6701,44.6
6702,46.56
6703,50.74
6704,55.98
6705,55.09
6706,55.13
6707,54.06
6708,50.9
6709,49.91
6710,49.05
6711,50.21
6712,55.48
6713,70
6714,80.94
6715,77.07
6716,71.47
6717,69.11
6718,64.02
6719,55.88
6720,53.98
6721,51.5
6722,47.32
6723,47.94
6724,53.4
6725,62.94
6726,79.98
6727,82.65
6728,84.59
6729,81.42
6730,72.88
6731,71.69
6732,71.69
6733,66.05
6734,64.34
6735,65.63
6736,74.9
6737,85.37
6738,102.29
6739,85.77
6740,78.31
6741,74.27
6742,70.84
6743,68.51
6744,58.09
6745,56.68
6746,52.6
6747,55.77
6748,60.77
6749,74.27
6750,93.26
6751,98.69
6752,92.41
6753,84.27
6754,72.2
6755,72.05
6756,71
6757,66.72
6758,67.25
6759,70.79
6760,83.2
6761,90
6762,110.28
6763,92.55
6764,80.71
6765,70.02
6766,62.81
6767,57.52
6768,55.13
6769,54.88
6770,54.05
6771,54.64
6772,55.46
6773,72.16
6774,88
6775,93.22
6776,86.84
6777,80.81
6778,74.49
6779,73
6780,69.39
6781,65.27
6782,61.45
6783,61.19
6784,69.3
6785,70.68
6786,79.28
6787,73.82
6788,60.25
6789,62.4
6790,59.63
6791,56.93
6792,53.53
6793,50.03
6794,45.82
6795,40.19
6796,49.87
6797,56.12
6798,72.96
6799,73.36
6800,73.36
6801,73.17
6802,70.78
6803,70.15
6804,66.83
6805,62
6806,60.37
6807,65.06
6808,72.85
6809,81.3
6810,88.5
6811,76.67
6812,72.82
6813,69.68
6814,65.03
6815,57.22
6816,54.99
6817,52.25
6818,45.64
6819,45.8
6820,49.64
6821,56.63
6822,69.87
6823,71.47
6824,69.76
6825,69.64
6826,66.14
6827,63.73
6828,54.08
6829,53.48
6830,55
6831,56.96
6832,67.32
6833,69.94
6834,79.08
6835,72.82
6836,66.91
6837,64.98
6838,62.41
6839,56.89
6840,54.11
6841,51.39
6842,42.99
6843,44.87
6844,43.91
6845,48.38
6846,58.71
6847,62.9
6848,65.92
6849,63.22
6850,60.3
6851,58.12
6852,53.65
6853,47.25
6854,45.88
6855,52.45
6856,60.46
6857,64.93
6858,72.82
6859,75.4
6860,66.95
6861,65.56
6862,65.77
6863,48.91
6864,38.33
6865,33.69
6866,34.04
6867,32.14
6868,24.68
6869,28.02
6870,36.3
6871,38.87
6872,38.78
6873,35.88
6874,34.98
6875,36.56
6876,28.78
6877,19.73
6878,23.17
6879,25.42
6880,42.86
6881,56.56
6882,68.09
6883,73.36
6884,54.74
6885,60.96
6886,59.88
6887,49.23
6888,39.5
6889,35.81
6890,35.61
6891,33
6892,42
6893,60.02
6894,79.38
6895,79.05
6896,82.99
6897,81.3
6898,81.17
6899,74.98
6900,70
6901,69.64
6902,70.46
6903,71.86
6904,80.28
6905,90
6906,107.32
6907,86.95
6908,75.57
6909,70.46
6910,59.57
6911,56.06
6912,53.55
6913,52.01
6914,51
6915,52.2
6916,57.02
6917,73.36
6918,86.98
6919,95.01
6920,86.02
6921,83
6922,77.84
6923,74.51
6924,74.57
6925,71.79
6926,72.41
6927,74.04
6928,80.95
6929,89.97
6930,105.12
6931,89.42
6932,76.71
6933,73.36
6934,70
6935,63.85
6936,59.73
6937,56.98
6938,51.54
6939,51.65
6940,57.71
6941,73.6
6942,88.77
6943,89.99
6944,87.6
6945,83.1
6946,78.2
6947,75.09
6948,74.51
6949,72.25
6950,71.84
6951,79.94
6952,82.94
6953,89.94
6954,112.66
6955,86.14
6956,75.57
6957,70
6958,62.02
6959,57.48
6960,53.36
6961,50.75
6962,48.88
6963,48.9
6964,52.32
6965,61.06
6966,74.38
6967,82.99
6968,80.97
6969,74.96
6970,74.49
6971,70.15
6972,68.95
6973,64.16
6974,62.53
6975,62.53
6976,71.69
6977,80.15
6978,84.19
6979,75.48
6980,66.22
6981,62.07
6982,59.32
6983,54.12
6984,52.4
6985,50.63
6986,49.94
6987,50.22
6988,52.25
6989,57.16
6990,80.96
6991,84.09
6992,84.28
6993,81.94
6994,75.19
6995,69.4
6996,63.5
6997,60.91
6998,60.92
6999,62.17
7000,73.77
7001,81.96
7002,83.95
7003,79.48
7004,68.95
7005,60.43
7006,57.98
7007,64.75
7008,56.55
7009,53.01
7010,51.29
7011,50.75
7012,50
7013,52.4
7014,56.03
7015,61.97
7016,70.93
7017,66.48
7018,61.78
7019,59.21
7020,57.35
7021,55.01
7022,53.05
7023,55.11
7024,61.24
7025,75.8
7026,79.95
7027,71.69
7028,62.29
7029,60.01
7030,60.86
7031,55
7032,54.01
7033,51.53
7034,50.5
7035,50.33
7036,50.5
7037,52.02
7038,56.03
7039,59
7040,61.03
7041,60.94
7042,60.79
7043,57.75
7044,51.54
7045,48
7046,44.97
7047,52.06
7048,58.58
7049,68.95
7050,74.94
7051,72.5
7052,57.94
7053,59.9
7054,59.69
7055,60.59
7056,49.77
7057,46.64
7058,39.75
7059,41.81
7060,47.71
7061,60
7062,75.49
7063,76.71
7064,72.82
7065,71.15
7066,70.17
7067,68.37
7068,62.17
7069,58.79
7070,58
7071,57.88
7072,66.54
7073,78.91
7074,83.91
7075,73.32
7076,67.55
7077,59.72
7078,57.69
7079,54.23
7080,52.9
7081,50.14
7082,45.23
7083,39.58
7084,49.18
7085,54.4
7086,73.53
7087,80.42
7088,79.7
7089,72.63
7090,70.01
7091,68.89
7092,64.96
7093,60.85
7094,57.56
7095,59.25
7096,64.21
7097,70.99
7098,84.58
7099,75.45
7100,67.85
7101,67.64
7102,59.78
7103,55.91
7104,51.29
7105,49.25
7106,43.73
7107,44.24
7108,50.59
7109,58
7110,77.92
7111,77.37
7112,78.4
7113,77.95
7114,77.05
7115,74.7
7116,70
7117,67
7118,64.2
7119,64.93
7120,67.85
7121,83.13
7122,89.78
7123,81.8
7124,73.36
7125,68.62
7126,66.9
7127,65.03
7128,56.97
7129,50.31
7130,47.06
7131,47.13
7132,56.59
7133,68.94
7134,81.14
7135,85.95
7136,84
7137,81.33
7138,79.51
7139,75.21
7140,74.05
7141,72.82
7142,70.15
7143,70
7144,74.15
7145,84.99
7146,96.27
7147,81.33
7148,75.75
7149,72.39
7150,69.04
7151,67.65
7152,60.29
7153,58.31
7154,54.49
7155,50.39
7156,59.95
7157,70.22
7158,79.31
7159,85.06
7160,88.17
7161,86.1
7162,82.78
7163,76.82
7164,74.23
7165,64.2
7166,61.49
7167,62.31
7168,69.64
7169,78.15
7170,87.35
7171,76.96
7172,68.2
7173,66.02
7174,64.02
7175,68.49
7176,64.51
7177,61.65
7178,54.6
7179,53.07
7180,53.14
7181,53.99
7182,63.69
7183,61.12
7184,73.56
7185,74.1
7186,73.6
7187,72.25
7188,65.61
7189,62.6
7190,61.52
7191,62.78
7192,70
7193,79.72
7194,84.24
7195,77
7196,68.95
7197,65.79
7198,63.45
7199,64.47
7200,54.83
7201,52.4
7202,50.12
7203,45.92
7204,44
7205,44.79
7206,47.27
7207,48.86
7208,50.1
7209,51.1
7210,50.1
7211,50.62
7212,52.6
7213,51.9
7214,47.15
7215,46.99
7216,47.36
7217,55.61
7218,65.02
7219,69.14
7220,66.03
7221,64.02
7222,64
7223,60
7224,51.75
7225,48
7226,42.92
7227,36.33
7228,36.66
7229,47.62
7230,60.22
7231,78.5
7232,84.74
7233,87.12
7234,84.86
7235,85.28
7236,83.35
7237,82.82
7238,82.9
7239,83.06
7240,82.74
7241,98.68
7242,120.55
7243,114.05
7244,83.87
7245,73
7246,69.39
7247,65.01
7248,60.56
7249,58.37
7250,52.9
7251,52.52
7252,53
7253,57.22
7254,73.78
7255,83.3
7256,90.12
7257,91.1
7258,86.33
7259,80
7260,71.27
7261,70.2
7262,69.43
7263,67.81
7264,67.89
7265,77.87
7266,103.52
7267,101.21
7268,77.55
7269,73.01
7270,70.37
7271,65.46
7272,65.55
7273,60.77
7274,59.57
7275,56.16
7276,55.49
7277,57.05
7278,68.68
7279,78.07
7280,87.77
7281,87.08
7282,82.51
7283,82.76
7284,78.33
7285,76.9
7286,71.86
7287,72.99
7288,77.33
7289,85.64
7290,95.49
7291,87.84
7292,75.93
7293,67.12
7294,66.95
7295,60.64
7296,58
7297,55.04
7298,49.62
7299,43.8
7300,40.12
7301,41.42
7302,43.02
7303,47.71
7304,48.51
7305,53.01
7306,48.99
7307,50.61
7308,57.28
7309,55.37
7310,53.07
7311,53.09
7312,50.38
7313,62.99
7314,70.69
7315,71.28
7316,65.11
7317,59.17
7318,61.4
7319,59.11
7320,56.86
7321,54.24
7322,49.12
7323,45.29
7324,47.06
7325,51.15
7326,60.18
7327,69.07
7328,74.07
7329,73.42
7330,71
7331,69.8
7332,68.4
7333,67.2
7334,64.2
7335,66.03
7336,70.99
7337,82.64
7338,87.89
7339,81.21
7340,71.42
7341,67.23
7342,67.89
7343,67.16
7344,65.21
7345,56.27
7346,54.94
7347,52.12
7348,50.1
7349,52.61
7350,54.24
7351,57
7352,61.5
7353,65.03
7354,64.03
7355,62.27
7356,61.52
7357,58.45
7358,54.88
7359,57
7360,61.41
7361,70
7362,75
7363,75.56
7364,69.71
7365,62.32
7366,64.47
7367,60.52
7368,59.54
7369,51.6
7370,50.25
7371,45.11
7372,44.54
7373,45.68
7374,48.56
7375,46.82
7376,46.33
7377,50.34
7378,56.93
7379,58.32
7380,58.97
7381,54.97
7382,49.3
7383,51.01
7384,52.3
7385,62.99
7386,67.17
7387,68.68
7388,64.28
7389,58.62
7390,58.39
7391,54.99
7392,48.59
7393,46.61
7394,44.56
7395,41.92
7396,41.07
7397,46.17
7398,54.22
7399,67.64
7400,69.91
7401,70.02
7402,68.68
7403,68.31
7404,66.07
7405,67.2
7406,68.21
7407,70.94
7408,71.99
7409,80.47
7410,84.99
7411,77.1
7412,69.21
7413,64.18
7414,62.03
7415,54.84
7416,51
7417,47.64
7418,44.82
7419,43.53
7420,43.93
7421,48.18
7422,57.1
7423,67.95
7424,70.1
7425,68.25
7426,65.44
7427,63.86
7428,60.73
7429,62.41
7430,63.14
7431,64.34
7432,66.89
7433,74.68
7434,77.37
7435,74.43
7436,67.2
7437,55.54
7438,55.22
7439,52.07
7440,44.65
7441,43.6
7442,41.59
7443,40.64
7444,39.37
7445,43.77
7446,50.79
7447,61.99
7448,64.18
7449,63.01
7450,61.56
7451,61.06
7452,59.78
7453,60.03
7454,62.94
7455,65.61
7456,67.7
7457,70.99
7458,73.57
7459,73.09
7460,63.57
7461,53.83
7462,54.96
7463,52.03
7464,48.22
7465,46.47
7466,45.27
7467,44.33
7468,45.97
7469,48.1
7470,57.11
7471,67
7472,68.95
7473,68.82
7474,67.71
7475,67.43
7476,64.97
7477,65.67
7478,67.49
7479,68.29
7480,70.58
7481,86.39
7482,90.06
7483,75.82
7484,69.07
7485,62.63
7486,59.63
7487,54.97
7488,52.3
7489,50.6
7490,48.12
7491,47.64
7492,47.84
7493,51
7494,62.16
7495,69.06
7496,72.56
7497,71.1
7498,68.47
7499,65.99
7500,63.75
7501,62.15
7502,62.84
7503,64.81
7504,63.87
7505,69.72
7506,68.16
7507,66.44
7508,61.26
7509,56.12
7510,54.64
7511,51.84
7512,48.8
7513,43.45
7514,40.59
7515,38.92
7516,38.05
7517,38.2
7518,39.65
7519,42.69
7520,46
7521,51
7522,54.07
7523,55.5
7524,56.15
7525,56.96
7526,55.05
7527,54.72
7528,53.09
7529,60.1
7530,68.1
7531,67.33
7532,58.44
7533,51.12
7534,55.09
7535,53.05
7536,53.64
7537,46.3
7538,42.81
7539,36.08
7540,34.38
7541,34.49
7542,35.46
7543,40.38
7544,43.12
7545,46.7
7546,49.2
7547,52.23
7548,52.8
7549,51.16
7550,51.03
7551,51.86
7552,48.91
7553,62
7554,68.28
7555,68.31
7556,62.49
7557,52.9
7558,57.58
7559,55.46
7560,54.89
7561,49.55
7562,46.9
7563,43.04
7564,42.41
7565,47.6
7566,64.68
7567,69.87
7568,68.71
7569,69.62
7570,68.71
7571,69.06
7572,67.73
7573,65.25
7574,67.18
7575,68
7576,68.85
7577,73.41
7578,78.04
7579,75.43
7580,71.09
7581,61.2
7582,61.23
7583,56.65
7584,56.29
7585,50.3
7586,48.34
7587,45.48
7588,46.03
7589,48.33
7590,62.22
7591,68.25
7592,70
7593,70.49
7594,68.31
7595,68.07
7596,66.4
7597,66.83
7598,67.14
7599,68.07
7600,71.94
7601,80.52
7602,88.47
7603,79.19
7604,72.46
7605,66.21
7606,65.87
7607,58.55
7608,60.16
7609,55.13
7610,51.95
7611,48.44
7612,46.75
7613,50.77
7614,60.3
7615,70.6
7616,73.62
7617,70.36
7618,67.62
7619,66.03
7620,63.2
7621,64.18
7622,65.9
7623,70.1
7624,73.98
7625,83.47
7626,80.13
7627,75.27
7628,68.88
7629,63
7630,60
7631,57.49
7632,56.83
7633,51.95
7634,51.27
7635,50.29
7636,51.03
7637,53.17
7638,65.05
7639,73.16
7640,74.44
7641,73.27
7642,70
7643,68.4
7644,67.19
7645,67.51
7646,68.43
7647,73.1
7648,74.47
7649,79.7
7650,79
7651,76
7652,71.07
7653,68.27
7654,65.41
7655,64.01
7656,62.6
7657,56.85
7658,53.89
7659,51.97
7660,51.28
7661,55.77
7662,65.05
7663,74.05
7664,81.35
7665,83.05
7666,76.95
7667,72.39
7668,68.24
7669,67
7670,67
7671,68.09
7672,69.97
7673,78
7674,81.99
7675,74.05
7676,68.69
7677,64.48
7678,62.61
7679,59.96
7680,64.98
7681,60.97
7682,56.42
7683,53.99
7684,49.12
7685,55.87
7686,55.69
7687,58.56
7688,61.21
7689,66
7690,65.76
7691,61.98
7692,59.41
7693,57.97
7694,53.11
7695,56.44
7696,61.46
7697,66
7698,69.81
7699,70.01
7700,65
7701,58.66
7702,60.08
7703,57.99
7704,56.7
7705,51.18
7706,50.01
7707,47.96
7708,47.47
7709,48.75
7710,48.01
7711,49.67
7712,53.05
7713,54.43
7714,58.34
7715,59.41
7716,59.98
7717,55.74
7718,51.07
7719,52.95
7720,53.22
7721,60.01
7722,70.25
7723,69.87
7724,69.57
7725,66.84
7726,66.84
7727,64.54
7728,66.26
7729,62.44
7730,59.93
7731,56.53
7732,55.1
7733,60.95
7734,70
7735,82.06
7736,82.38
7737,82
7738,79.4
7739,77.53
7740,74.53
7741,74
7742,73.9
7743,74.72
7744,78
7745,90.66
7746,101
7747,93.24
7748,79.89
7749,71
7750,70.07
7751,67.89
7752,64.55
7753,59.9
7754,55.66
7755,51.87
7756,52.07
7757,55.61
7758,69.09
7759,84.32
7760,102.57
7761,107.36
7762,104.06
7763,103.88
7764,101.85
7765,99.79
7766,90
7767,98.15
7768,115.46
7769,134.77
7770,227.22
7771,175
7772,110.91
7773,74
7774,74.45
7775,72.02
7776,70.64
7777,65.61
7778,63.32
7779,58.12
7780,57.72
7781,62.31
7782,81.09
7783,147.47
7784,189.27
7785,172.39
7786,143.74
7787,137.5
7788,113.83
7789,121.05
7790,106.61
7791,104.21
7792,105.47
7793,165.69
7794,259.95
7795,175.12
7796,106.01
7797,83.16
7798,85.88
7799,86.96
7800,66.5
7801,64.5
7802,62.4
7803,56.66
7804,56.6
7805,64.07
7806,81.08
7807,117.32
7808,159.93
7809,131.28
7810,108.31
7811,115.09
7812,107.83
7813,99.39
7814,100
7815,100
7816,112.83
7817,173.77
7818,208.87
7819,142.47
7820,99.24
7821,77.5
7822,73.99
7823,73.61
7824,66.93
7825,64.07
7826,61.21
7827,59.5
7828,59.41
7829,62.7
7830,75.92
7831,99.85
7832,106
7833,101.52
7834,101.05
7835,98.93
7836,98.28
7837,94.9
7838,93.6
7839,94.43
7840,97.09
7841,109.2
7842,109.57
7843,94.86
7844,81.31
7845,68.71
7846,67.97
7847,67.26
7848,63.77
7849,61.51
7850,59.76
7851,55.67
7852,54.01
7853,55.42
7854,57.78
7855,61.7
7856,65.16
7857,72.2
7858,73.49
7859,73.17
7860,73.01
7861,66.93
7862,64.57
7863,65.04
7864,68.11
7865,79.79
7866,89.86
7867,78.35
7868,67.18
7869,63.14
7870,61.99
7871,63.76
7872,58.81
7873,54.53
7874,50.34
7875,48.46
7876,48.07
7877,48.07
7878,49.09
7879,53.33
7880,54.26
7881,59.06
7882,62.02
7883,63.26
7884,65.15
7885,63.41
7886,58.97
7887,59.03
7888,61.47
7889,67.65
7890,73.1
7891,71.43
7892,70
7893,65.45
7894,62.7
7895,58.54
7896,52.62
7897,49.44
7898,47.41
7899,45.6
7900,45.18
7901,49.51
7902,70.68
7903,89.74
7904,94.77
7905,99.94
7906,96.78
7907,97.58
7908,94.25
7909,97.54
7910,94.74
7911,95
7912,100.02
7913,148.94
7914,202.52
7915,150.07
7916,96.29
7917,75.58
7918,76.32
7919,68.39
7920,61.1
7921,58.33
7922,56.61
7923,51.67
7924,51.97
7925,56.19
7926,71.9
7927,93.03
7928,100
7929,99
7930,93.37
7931,95
7932,88.98
7933,88.21
7934,85.99
7935,86.94
7936,87.19
7937,98.27
7938,92.43
7939,82.76
7940,70.61
7941,67.07
7942,63.87
7943,59.4
7944,58.22
7945,51.9
7946,50.06
7947,47.75
7948,46.88
7949,49.1
7950,57.63
7951,67.98
7952,70
7953,68.07
7954,67.63
7955,66.94
7956,65.61
7957,65.5
7958,65.51
7959,65.97
7960,67.03
7961,69.47
7962,72.37
7963,70.01
7964,67.98
7965,62.85
7966,61.3
7967,57.98
7968,56.3
7969,51.84
7970,50.1
7971,46.2
7972,46.03
7973,49.64
7974,59.15
7975,68.82
7976,69
7977,69.02
7978,67.09
7979,65.96
7980,64.3
7981,63.94
7982,63.09
7983,63.92
7984,67.2
7985,72.74
7986,75.28
7987,72.47
7988,69.22
7989,64.08
7990,63.05
7991,58.61
7992,55.14
7993,52.99
7994,51
7995,41.24
7996,39.78
7997,45.96
7998,55.2
7999,67.2
8000,68.25
8001,68.03
8002,68.19
8003,67.98
8004,67.2
8005,67.24
8006,65.3
8007,64.95
8008,67.24
8009,72.34
8010,76.33
8011,73.9
8012,68.4
8013,60.94
8014,63.63
8015,63.89
8016,58.36
8017,55.91
8018,54.51
8019,55.29
8020,52.01
8021,52.01
8022,55.9
8023,57
8024,58.46
8025,63.98
8026,65.1
8027,65.76
8028,64.77
8029,61.8
8030,57.4
8031,53.74
8032,53.14
8033,63.89
8034,67.09
8035,67.03
8036,52.98
8037,40.64
8038,56.68
8039,60.05
8040,48.93
8041,42.13
8042,37.34
8043,35.52
8044,30.94
8045,29.73
8046,28.99
8047,32.99
8048,38.48
8049,46.89
8050,50.01
8051,54.4
8052,53.84
8053,53.82
8054,47.94
8055,46.3
8056,46.4
8057,53.84
8058,57.22
8059,59.03
8060,50.09
8061,47.36
8062,46.65
8063,53.13
8064,38.28
8065,28.55
8066,27.4
8067,26.46
8068,21.1
8069,31.15
8070,54.34
8071,64.82
8072,62.64
8073,62.7
8074,56.95
8075,59.98
8076,58.38
8077,56.95
8078,54.09
8079,59.94
8080,58.03
8081,68.83
8082,70.15
8083,70
8084,63.06
8085,53.28
8086,50.14
8087,50.54
8088,50.84
8089,36.49
8090,36.22
8091,34.1
8092,37.04
8093,46.56
8094,55
8095,68.91
8096,70.62
8097,69.68
8098,68.8
8099,68.79
8100,67.75
8101,67.51
8102,68.01
8103,68.64
8104,72.81
8105,72.03
8106,73.98
8107,71.42
8108,68.14
8109,60.9
8110,58.29
8111,55.85
8112,48.7
8113,46.95
8114,47.1
8115,46.33
8116,47.08
8117,47.08
8118,57.08
8119,67.03
8120,69.94
8121,68.17
8122,68.66
8123,68.79
8124,67.06
8125,67.78
8126,68.7
8127,68.77
8128,67.54
8129,69.45
8130,68.09
8131,65.91
8132,56.1
8133,49.81
8134,50.56
8135,48.39
8136,44.56
8137,43.79
8138,42.82
8139,42.29
8140,42.07
8141,47.7
8142,54.04
8143,64.04
8144,67.17
8145,66.95
8146,67.29
8147,67.07
8148,66.11
8149,65.23
8150,64.23
8151,60.85
8152,62.48
8153,66.66
8154,67.83
8155,66.1
8156,58.34
8157,52.99
8158,51.79
8159,49.85
8160,41.97
8161,36.82
8162,33.68
8163,32.06
8164,28.99
8165,34.31
8166,48.57
8167,63.18
8168,64.62
8169,63.97
8170,56.23
8171,57.3
8172,51.69
8173,50.05
8174,48.81
8175,46.63
8176,50.17
8177,60.32
8178,61.61
8179,51.03
8180,52.79
8181,47.1
8182,45.17
8183,40.73
8184,41.51
8185,20.94
8186,19.15
8187,13.02
8188,11.76
8189,9.97
8190,17.64
8191,23.7
8192,29.51
8193,29.55
8194,28.63
8195,28.12
8196,37.53
8197,39.66
8198,39.85
8199,40.05
8200,39.35
8201,42.24
8202,46.13
8203,37.2
8204,27.64
8205,21.31
8206,24.76
8207,29.81
8208,17.99
8209,13.63
8210,9.36
8211,5.8
8212,1.82
8213,2.4
8214,2.47
8215,7.93
8216,10.98
8217,22.71
8218,34.83
8219,37.15
8220,38.21
8221,31.37
8222,27.73
8223,25.77
8224,28.92
8225,35.97
8226,47.58
8227,53.89
8228,47.56
8229,39.5
8230,40.67
8231,30.92
8232,32.43
8233,22.82
8234,14.84
8235,11.4
8236,10.71
8237,28.6
8238,46.45
8239,64.2
8240,66.22
8241,65.9
8242,64.92
8243,63.8
8244,61.1
8245,60.86
8246,61.67
8247,58.03
8248,64.65
8249,68.03
8250,69.71
8251,68.53
8252,63.81
8253,52.69
8254,53.06
8255,49.13
8256,47.19
8257,44.05
8258,47.08
8259,44.02
8260,44.43
8261,50.53
8262,59.84
8263,67.98
8264,70.78
8265,69.88
8266,68.53
8267,67.21
8268,64.62
8269,65.06
8270,65.91
8271,67.65
8272,69.93
8273,81.36
8274,75.93
8275,70.74
8276,68.04
8277,64.07
8278,63.59
8279,57.15
8280,54.33
8281,48.7
8282,49.01
8283,48.28
8284,48.69
8285,52.29
8286,66.47
8287,85.05
8288,90.12
8289,89.68
8290,86.88
8291,81.06
8292,75.95
8293,76.41
8294,79.41
8295,82.24
8296,82.18
8297,89.86
8298,83.45
8299,77.27
8300,69.99
8301,66.1
8302,63.45
8303,57.32
8304,56.78
8305,52.57
8306,49.82
8307,49.05
8308,48.28
8309,51.18
8310,64.41
8311,76.99
8312,79.47
8313,78.54
8314,75.37
8315,75.56
8316,72.98
8317,72.98
8318,74.4
8319,78.77
8320,81.52
8321,88.71
8322,88.8
8323,85
8324,73.78
8325,69.09
8326,67.33
8327,64.57
8328,60.86
8329,58.62
8330,58.05
8331,51.19
8332,50.18
8333,57.09
8334,69.53
8335,80.93
8336,90.08
8337,88.93
8338,84.17
8339,84.33
8340,83.3
8341,81.81
8342,83.3
8343,83.04
8344,84.84
8345,97.29
8346,90
8347,85.15
8348,76.52
8349,71.28
8350,69.09
8351,68.47
8352,70.33
8353,63.43
8354,58.34
8355,52.74
8356,51.25
8357,50.81
8358,51.76
8359,57.15
8360,67.73
8361,68.4
8362,70.49
8363,68.93
8364,67.58
8365,63.1
8366,58
8367,58.72
8368,60.04
8369,62.72
8370,69.83
8371,67.61
8372,60.78
8373,51.56
8374,60.48
8375,59.41
8376,55.19
8377,51.2
8378,49.58
8379,46.74
8380,46
8381,46.77
8382,49.11
8383,50.81
8384,51.6
8385,56.72
8386,57.98
8387,58.82
8388,64.44
8389,59.29
8390,57.05
8391,55.87
8392,58.45
8393,67.01
8394,71.1
8395,69.31
8396,68.07
8397,60.6
8398,66.01
8399,57.26
8400,52.08
8401,51
8402,49.92
8403,49.05
8404,49.47
8405,52.03
8406,65.15
8407,78.1
8408,83.7
8409,83.76
8410,82
8411,80.96
8412,79.02
8413,79.01
8414,79.03
8415,78.98
8416,79.05
8417,81.63
8418,81.38
8419,79
8420,75.04
8421,68.15
8422,64.8
8423,58.78
8424,53
8425,51.03
8426,50
8427,49.04
8428,49
8429,50.87
8430,58.81
8431,71.23
8432,74.63
8433,72.04
8434,69.68
8435,68.57
8436,66.12
8437,66.43
8438,66.8
8439,66.15
8440,65.87
8441,67.14
8442,67.23
8443,67.65
8444,65.91
8445,55.98
8446,57.43
8447,55.42
8448,53.58
8449,50
8450,44.86
8451,44.71
8452,45.36
8453,47.99
8454,52.27
8455,63.75
8456,65.81
8457,67.06
8458,67.16
8459,69.8
8460,69.19
8461,69.89
8462,69.76
8463,69.03
8464,69.35
8465,69.67
8466,69.8
8467,69.08
8468,66.96
8469,56.38
8470,59.32
8471,56.01
8472,51.27
8473,49.08
8474,48.78
8475,47.5
8476,47.72
8477,48.05
8478,55.72
8479,66.29
8480,68.49
8481,68.4
8482,67.04
8483,66.8
8484,65.25
8485,65.25
8486,64.64
8487,64.89
8488,65.01
8489,67.83
8490,68.49
8491,67.84
8492,58.43
8493,53.7
8494,53.19
8495,47.35
8496,49.92
8497,47.4
8498,44.6
8499,40
8500,41.68
8501,44.9
8502,50.94
8503,64.01
8504,64.49
8505,64.64
8506,61.05
8507,61.18
8508,62.71
8509,58.04
8510,56.57
8511,54.52
8512,54.86
8513,64.25
8514,62.51
8515,57.06
8516,53.75
8517,48.35
8518,46.22
8519,41.27
8520,38.02
8521,18.3
8522,14.25
8523,7.48
8524,6.92
8525,14.62
8526,20.72
8527,34.92
8528,45.98
8529,54.07
8530,55.42
8531,56.59
8532,59.07
8533,54.82
8534,53.54
8535,54.46
8536,56.03
8537,66.25
8538,68.07
8539,63.11
8540,57.97
8541,53.81
8542,58.95
8543,56.65
8544,45.71
8545,39.5
8546,38.76
8547,34.66
8548,29.84
8549,26.77
8550,19.46
8551,28.62
8552,33.08
8553,41.48
8554,48.24
8555,49.79
8556,52.75
8557,50.92
8558,49.95
8559,43.35
8560,42.94
8561,53.49
8562,68.01
8563,68.25
8564,60.92
8565,53.99
8566,54.96
8567,53.11
8568,43.01
8569,39.93
8570,36.88
8571,26.63
8572,18.89
8573,26.72
8574,38.97
8575,49.09
8576,53.87
8577,62
8578,59.06
8579,55.67
8580,55.65
8581,54.72
8582,53.34
8583,53.66
8584,61.68
8585,68.7
8586,69
8587,62.02
8588,53.48
8589,53.43
8590,56.49
8591,55
8592,49.85
8593,41.54
8594,39.72
8595,22.78
8596,18.37
8597,19.11
8598,20.72
8599,26.96
8600,24.35
8601,39.59
8602,45.23
8603,44.09
8604,37.24
8605,32.42
8606,28.53
8607,28.32
8608,39.28
8609,53.73
8610,59.03
8611,59.48
8612,52.99
8613,49.94
8614,55.48
8615,54.1
8616,49.1
8617,38.68
8618,31.95
8619,27.79
8620,26.08
8621,31.71
8622,41.26
8623,51.49
8624,54.93
8625,59.29
8626,61.78
8627,61.78
8628,61
8629,52.87
8630,52.11
8631,52.69
8632,58.13
8633,68.4
8634,70.15
8635,69.8
8636,62.3
8637,59.93
8638,62.34
8639,58.98
8640,51.75
8641,49.86
8642,47.96
8643,46.28
8644,46.25
8645,49.18
8646,51.61
8647,62.4
8648,65.42
8649,68.85
8650,67.88
8651,66.78
8652,66.14
8653,65
8654,65.51
8655,68.11
8656,69.22
8657,70.74
8658,71.97
8659,71.25
8660,70
8661,62.56
8662,64.62
8663,56.81
8664,53.72
8665,50
8666,49.19
8667,48.51
8668,48.07
8669,49.82
8670,52.03
8671,62.8
8672,65.77
8673,68.01
8674,68
8675,66.36
8676,66.01
8677,64.64
8678,64.64
8679,63.35
8680,66.01
8681,68.01
8682,70.16
8683,68.93
8684,66
8685,59.91
8686,61.77
8687,58.43
8688,56.69
8689,50.45
8690,48.9
8691,47.2
8692,46.92
8693,47.21
8694,48.01
8695,50.02
8696,52.26
8697,60.41
8698,62.01
8699,60.09
8700,58.97
8701,54.91
8702,51.44
8703,51.09
8704,51.28
8705,58.57
8706,62.09
8707,59.36
8708,50.57
8709,46.2
8710,51.41
8711,56.7
8712,44.89
8713,46.23
8714,46.52
8715,34.42
8716,26.34
8717,25.64
8718,29.51
8719,29.27
8720,40.19
8721,47.99
8722,51.72
8723,51.86
8724,51.88
8725,51.35
8726,46.19
8727,47.64
8728,50.85
8729,58.4
8730,64.76
8731,62.97
8732,62.42
8733,54.28
8734,55.63
8735,55
8736,50.94
8737,49.57
8738,48.32
8739,45.89
8740,45.47
8741,47.11
8742,49.12
8743,53.79
8744,57.47
8745,61.52
8746,62.64
8747,64.56
8748,65.01
8749,63.91
8750,59.68
8751,56.6
8752,63.28
8753,68.01
8754,66.98
8755,58.28
8756,50.01
8757,45.5
8758,49.8
8759,44.26
8760,51
